,Depth,Latitude,Longitude,month,phyto,zoo,set,year,day,Longitude_pos,depth_bin,geometry
0,7.0,48.9313,-9.1461,9,13.3097053,2.42998271,ZP,-9999,-9999,350.8539,15.0,POINT (-9.1461 48.9313)
1,50.0,48.9313,-9.1461,9,13.2519768,0.827763861,ZP,-9999,-9999,350.8539,65.0,POINT (-9.1461 48.9313)
2,7.0,47.9217,-14.8529,9,23.81146246,1.039786453,ZP,-9999,-9999,345.1471,15.0,POINT (-14.8529 47.9217)
3,40.0,47.9217,-14.8529,9,25.54243973,2.13307617,ZP,-9999,-9999,345.1471,45.0,POINT (-14.8529 47.9217)
4,7.0,47.0132,-19.9849,9,5.367414416,0.622061899,ZP,-9999,-9999,340.0151,15.0,POINT (-19.9849 47.0132)
5,50.0,47.0132,-19.9849,9,3.463084648,0.714554195,ZP,-9999,-9999,340.0151,65.0,POINT (-19.9849 47.0132)
6,7.0,42.2547,-20.0313,9,9.00463938,0.684279554,ZP,-9999,-9999,339.9687,15.0,POINT (-20.0313 42.2547)
7,60.0,42.2547,-20.0313,9,7.360799513,0.577356525,ZP,-9999,-9999,339.9687,65.0,POINT (-20.0313 42.2547)
8,7.0,37.9107,-19.9905,9,3.435165301,0.656953314,ZP,-9999,-9999,340.0095,15.0,POINT (-19.9905 37.9107)
9,90.0,37.9107,-19.9905,9,3.693561439,0.644307479,ZP,-9999,-9999,340.0095,117.5,POINT (-19.9905 37.9107)
10,7.0,33.5972,-20.8778,9,4.350492609,0.315645986,ZP,-9999,-9999,339.1222,15.0,POINT (-20.8778 33.5972)
11,110.0,33.5972,-20.8778,9,3.972692421,0.356176724,ZP,-9999,-9999,339.1222,117.5,POINT (-20.8778 33.5972)
12,7.0,27.3734,-21.8312,10,4.1083861,0.564043665,ZP,-9999,-9999,338.1688,15.0,POINT (-21.8312 27.3734)
13,80.0,27.3734,-21.8312,10,3.583342625,0.64448236,ZP,-9999,-9999,338.1688,87.5,POINT (-21.8312 27.3734)
14,7.0,23.2831,-21.1634,10,3.330360261,0.460476684,ZP,-9999,-9999,338.8366,15.0,POINT (-21.1634 23.2831)
15,80.0,23.2831,-21.1634,10,3.046858633,0.393039948,ZP,-9999,-9999,338.8366,87.5,POINT (-21.1634 23.2831)
16,7.0,19.4997,-20.3942,10,160.1606663,4.344394079,ZP,-9999,-9999,339.6058,15.0,POINT (-20.3942 19.4997)
17,30.0,19.4997,-20.3942,10,164.004089,1.13403576,ZP,-9999,-9999,339.6058,45.0,POINT (-20.3942 19.4997)
18,7.0,13.0422,-20.4362,10,6.369288507,0.27737078,ZP,-9999,-9999,339.5638,15.0,POINT (-20.4362 13.0422)
19,70.0,13.0422,-20.4362,10,3.459820212,0.474991339,ZP,-9999,-9999,339.5638,87.5,POINT (-20.4362 13.0422)
20,7.0,9.2381,-22.2151,10,6.928518045,0.969685746,ZP,-9999,-9999,337.7849,15.0,POINT (-22.2151 9.2381)
21,60.0,9.2381,-22.2151,10,7.479968299,0.623275163,ZP,-9999,-9999,337.7849,65.0,POINT (-22.2151 9.2381)
22,7.0,5.3564,-23.9664,10,4.707521601,0.551559687,ZP,-9999,-9999,336.0336,15.0,POINT (-23.9664 5.3564)
23,80.0,5.3564,-23.9664,10,6.9242212,0.459743009,ZP,-9999,-9999,336.0336,87.5,POINT (-23.9664 5.3564)
24,7.0,1.3923,-25.7013,10,3.802575934,0.251148249,ZP,-9999,-9999,334.2987,15.0,POINT (-25.7013 1.3923)
25,80.0,1.3923,-25.7013,10,7.908113688,0.623427659,ZP,-9999,-9999,334.2987,87.5,POINT (-25.7013 1.3923)
26,7.0,-2.79,-27.5272,10,4.713710503,0.428139872,ZP,-9999,-9999,332.4728,15.0,POINT (-27.5272 -2.79)
27,90.0,-2.79,-27.5272,10,4.962142311,0.803354374,ZP,-9999,-9999,332.4728,117.5,POINT (-27.5272 -2.79)
30,7.0,-11.4695,-31.5546,10,4.023863522,1.054943495,ZP,-9999,-9999,328.4454,15.0,POINT (-31.5546 -11.4695)
31,140.0,-11.4695,-31.5546,10,5.644468208,0.5410724,ZP,-9999,-9999,328.4454,160.0,POINT (-31.5546 -11.4695)
32,7.0,-15.5804,-33.4497,10,3.81190061,0.478106312,ZP,-9999,-9999,326.5503,15.0,POINT (-33.4497 -15.5804)
33,150.0,-15.5804,-33.4497,10,3.658875021,0.043635936,ZP,-9999,-9999,326.5503,160.0,POINT (-33.4497 -15.5804)
34,7.0,-19.6447,-35.3618,10,4.916134325,0.480520914,ZP,-9999,-9999,324.6382,15.0,POINT (-35.3618 -19.6447)
35,160.0,-19.6447,-35.3618,10,1.801403114,0.143251961,ZP,-9999,-9999,324.6382,160.0,POINT (-35.3618 -19.6447)
36,7.0,-23.7904,-37.3878,10,7.145651188,0.423717198,ZP,-9999,-9999,322.61220000000003,15.0,POINT (-37.3878 -23.7904)
37,120.0,-23.7904,-37.3878,10,3.975096584,0.333703639,ZP,-9999,-9999,322.61220000000003,160.0,POINT (-37.3878 -23.7904)
38,7.0,-27.1173,-40.138,10,5.391306019,0.257531194,ZP,-9999,-9999,319.862,15.0,POINT (-40.138 -27.1173)
39,80.0,-27.1173,-40.138,10,5.519234186,0.384256703,ZP,-9999,-9999,319.862,87.5,POINT (-40.138 -27.1173)
40,7.0,-30.2901,-43.3896,10,9.1481016,0.817750327,ZP,-9999,-9999,316.6104,15.0,POINT (-43.3896 -30.2901)
41,100.0,-30.2901,-43.3896,10,8.459545762,0.531359732,ZP,-9999,-9999,316.6104,117.5,POINT (-43.3896 -30.2901)
42,7.0,-33.1801,-46.4154,10,15.05628523,0.874458725,ZP,-9999,-9999,313.5846,15.0,POINT (-46.4154 -33.1801)
43,40.0,-33.1801,-46.4154,10,17.66159907,0.931025732,ZP,-9999,-9999,313.5846,45.0,POINT (-46.4154 -33.1801)
44,7.0,-40.9514,-55.2599,10,27.71593002,1.764582926,ZP,-9999,-9999,304.7401,15.0,POINT (-55.2599 -40.9514)
45,40.0,-40.9514,-55.2599,10,52.14527705,0.452518429,ZP,-9999,-9999,304.7401,45.0,POINT (-55.2599 -40.9514)
46,7.0,-46.008,-56.2836,10,52.11031208,0.942202847,ZP,-9999,-9999,303.7164,15.0,POINT (-56.2836 -46.008)
47,40.0,-46.008,-56.2836,10,8.850144249,0.771418094,ZP,-9999,-9999,303.7164,45.0,POINT (-56.2836 -46.008)
48,7.0,-50.8081,-57.4196,10,826.1811369,9.833274067,ZP,-9999,-9999,302.5804,15.0,POINT (-57.4196 -50.8081)
49,30.0,-50.8081,-57.4196,10,704.0991419,5.686125401,ZP,-9999,-9999,302.5804,45.0,POINT (-57.4196 -50.8081)
50,7.0,-47.5886,-55.597,4,21.97772217,2.33725489,ZP,-9999,-9999,304.403,15.0,POINT (-55.597 -47.5886)
51,60.0,-47.5886,-55.597,4,19.52234282,1.985755042,ZP,-9999,-9999,304.403,65.0,POINT (-55.597 -47.5886)
52,7.0,-43.4254,-54.7414,4,24.55032423,1.716975035,ZP,-9999,-9999,305.2586,15.0,POINT (-54.7414 -43.4254)
53,30.0,-43.4254,-54.7414,4,14.03842836,0.311541575,ZP,-9999,-9999,305.2586,45.0,POINT (-54.7414 -43.4254)
54,7.0,-39.4045,-53.3096,4,19.10432952,0.35930279,ZP,-9999,-9999,306.6904,15.0,POINT (-53.3096 -39.4045)
55,50.0,-39.4045,-53.3096,4,13.68298757,0.413660679,ZP,-9999,-9999,306.6904,65.0,POINT (-53.3096 -39.4045)
56,7.0,-36.0588,-49.8114,4,5.664762791,0.542827984,ZP,-9999,-9999,310.1886,15.0,POINT (-49.8114 -36.0588)
57,80.0,-36.0588,-49.8114,4,12.85585725,0.904442334,ZP,-9999,-9999,310.1886,87.5,POINT (-49.8114 -36.0588)
58,7.0,-33.3946,-46.6136,4,10.59494555,0.977738953,ZP,-9999,-9999,313.3864,15.0,POINT (-46.6136 -33.3946)
59,70.0,-33.3946,-46.6136,4,5.713026853,0.463728154,ZP,-9999,-9999,313.3864,87.5,POINT (-46.6136 -33.3946)
60,7.0,-30.31,-43.4269,5,4.496237063,0.109309522,ZP,-9999,-9999,316.5731,15.0,POINT (-43.4269 -30.31)
61,110.0,-30.31,-43.4269,5,3.129495569,0.531839243,ZP,-9999,-9999,316.5731,117.5,POINT (-43.4269 -30.31)
62,7.0,-27.6196,-40.7161,5,5.433095513,0.206483331,ZP,-9999,-9999,319.2839,15.0,POINT (-40.7161 -27.6196)
63,80.0,-27.6196,-40.7161,5,5.841545809,0.69461767,ZP,-9999,-9999,319.2839,87.5,POINT (-40.7161 -27.6196)
64,7.0,-24.3494,-37.8635,5,5.439649957,0.311869255,ZP,-9999,-9999,322.1365,15.0,POINT (-37.8635 -24.3494)
65,100.0,-24.3494,-37.8635,5,3.843347025,0.292930968,ZP,-9999,-9999,322.1365,117.5,POINT (-37.8635 -24.3494)
66,7.0,-19.9084,-35.5309,5,4.944587838,0.485976264,ZP,-9999,-9999,324.4691,15.0,POINT (-35.5309 -19.9084)
67,80.0,-19.9084,-35.5309,5,11.02848144,0.504932096,ZP,-9999,-9999,324.4691,87.5,POINT (-35.5309 -19.9084)
68,7.0,-15.1714,-33.3054,5,2.553127064,0.236239976,ZP,-9999,-9999,326.6946,15.0,POINT (-33.3054 -15.1714)
69,150.0,-15.1714,-33.3054,5,4.025641171,0.048788521,ZP,-9999,-9999,326.6946,160.0,POINT (-33.3054 -15.1714)
70,7.0,-11.2464,-31.4648,5,4.06682176,0.262525976,ZP,-9999,-9999,328.5352,15.0,POINT (-31.4648 -11.2464)
71,70.0,-11.2464,-31.4648,5,7.473559789,0.566392819,ZP,-9999,-9999,328.5352,87.5,POINT (-31.4648 -11.2464)
72,130.0,-11.2464,-31.4648,5,4.780065257,0.373201014,ZP,-9999,-9999,328.5352,160.0,POINT (-31.4648 -11.2464)
73,7.0,-7.4763,-29.7628,5,4.308424081,0.297622224,ZP,-9999,-9999,330.23720000000003,15.0,POINT (-29.7628 -7.4763)
74,30.0,-7.4763,-29.7628,5,4.74296616,0.153635553,ZP,-9999,-9999,330.23720000000003,45.0,POINT (-29.7628 -7.4763)
75,100.0,-7.4763,-29.7628,5,8.165701105,0.527697863,ZP,-9999,-9999,330.23720000000003,117.5,POINT (-29.7628 -7.4763)
76,7.0,-3.9165,-28.2124,5,4.50918798,0.275709792,ZP,-9999,-9999,331.7876,15.0,POINT (-28.2124 -3.9165)
77,60.0,-3.9165,-28.2124,5,9.519357547,0.834107075,ZP,-9999,-9999,331.7876,65.0,POINT (-28.2124 -3.9165)
78,7.0,-0.1951,-26.3851,5,4.140600189,0.202125123,ZP,-9999,-9999,333.6149,15.0,POINT (-26.3851 -0.1951)
79,40.0,-0.1951,-26.3851,5,6.323314432,0.375156747,ZP,-9999,-9999,333.6149,45.0,POINT (-26.3851 -0.1951)
80,70.0,-0.1951,-26.3851,5,10.88797461,0.859950885,ZP,-9999,-9999,333.6149,87.5,POINT (-26.3851 -0.1951)
81,7.0,3.4015,-24.8052,5,6.442915101,0.247397965,ZP,-9999,-9999,335.1948,15.0,POINT (-24.8052 3.4015)
82,60.0,3.4015,-24.8052,5,8.0674286,0.539726006,ZP,-9999,-9999,335.1948,65.0,POINT (-24.8052 3.4015)
83,7.0,7.5785,-22.9468,5,10.31557166,0.600482717,ZP,-9999,-9999,337.0532,15.0,POINT (-22.9468 7.5785)
84,50.0,7.5785,-22.9468,5,16.05565422,1.139759369,ZP,-9999,-9999,337.0532,65.0,POINT (-22.9468 7.5785)
85,7.0,11.7404,-21.0588,5,11.68957123,0.751021903,ZP,-9999,-9999,338.9412,15.0,POINT (-21.0588 11.7404)
86,40.0,11.7404,-21.0588,5,46.06620096,5.526683216,ZP,-9999,-9999,338.9412,45.0,POINT (-21.0588 11.7404)
87,7.0,21.7646,-21.4735,5,9.516454006,0.395149849,ZP,-9999,-9999,338.5265,15.0,POINT (-21.4735 21.7646)
88,70.0,21.7646,-21.4735,5,8.458173286,1.093216611,ZP,-9999,-9999,338.5265,87.5,POINT (-21.4735 21.7646)
89,7.0,26.5409,-21.7865,5,7.184295019,0.559426375,ZP,-9999,-9999,338.2135,15.0,POINT (-21.7865 26.5409)
90,90.0,26.5409,-21.7865,5,6.58239119,0.52519759,ZP,-9999,-9999,338.2135,117.5,POINT (-21.7865 26.5409)
91,7.0,30.9106,-21.2587,5,7.019425361,0.846554441,ZP,-9999,-9999,338.7413,15.0,POINT (-21.2587 30.9106)
92,80.0,30.9106,-21.2587,5,7.87835109,0.94025873,ZP,-9999,-9999,338.7413,87.5,POINT (-21.2587 30.9106)
93,7.0,35.6675,-20.4248,5,10.95692542,0.573022391,ZP,-9999,-9999,339.5752,15.0,POINT (-20.4248 35.6675)
94,60.0,35.6675,-20.4248,5,8.049386586,0.734966935,ZP,-9999,-9999,339.5752,65.0,POINT (-20.4248 35.6675)
95,7.0,39.8961,-19.9964,5,16.18491757,3.770733396,ZP,-9999,-9999,340.0036,15.0,POINT (-19.9964 39.8961)
96,40.0,39.8961,-19.9964,5,16.06836988,4.375464285,ZP,-9999,-9999,340.0036,45.0,POINT (-19.9964 39.8961)
97,7.0,44.1269,-20.0239,5,13.39189459,5.005054107,ZP,-9999,-9999,339.9761,15.0,POINT (-20.0239 44.1269)
98,50.0,44.1269,-20.0239,5,20.60078433,5.897230745,ZP,-9999,-9999,339.9761,65.0,POINT (-20.0239 44.1269)
99,7.0,46.4879,-14.062,5,67.85383377,0.795100396,ZP,-9999,-9999,345.938,15.0,POINT (-14.062 46.4879)
100,20.0,46.4879,-14.062,5,60.7651708,0.965073491,ZP,-9999,-9999,345.938,27.5,POINT (-14.062 46.4879)
101,7.0,48.7466,-8.0992,5,57.42663248,9.070102788,ZP,-9999,-9999,351.9008,15.0,POINT (-8.0992 48.7466)
102,30.0,48.7466,-8.0992,5,72.82258755,6.168521505,ZP,-9999,-9999,351.9008,45.0,POINT (-8.0992 48.7466)
103,7.0,47.3563,-18.184,9,44.85732774,0.997070842,ZP,-9999,-9999,341.816,15.0,POINT (-18.184 47.3563)
104,40.0,47.3563,-18.184,9,14.43154242,1.446710119,ZP,-9999,-9999,341.816,45.0,POINT (-18.184 47.3563)
105,7.0,42.903,-19.992,9,11.2738745,1.036839807,ZP,-9999,-9999,340.008,15.0,POINT (-19.992 42.903)
106,40.0,42.903,-19.992,9,14.79806689,1.400861081,ZP,-9999,-9999,340.008,45.0,POINT (-19.992 42.903)
107,7.0,38.1715,-20.0155,9,7.174629036,1.064942355,ZP,-9999,-9999,339.9845,15.0,POINT (-20.0155 38.1715)
108,40.0,38.1715,-20.0155,9,9.616404854,1.08841393,ZP,-9999,-9999,339.9845,45.0,POINT (-20.0155 38.1715)
109,80.0,38.1715,-20.0155,9,6.769475714,0.665637529,ZP,-9999,-9999,339.9845,87.5,POINT (-20.0155 38.1715)
110,7.0,34.0365,-21.2575,9,6.317684838,0.76074269,ZP,-9999,-9999,338.7425,15.0,POINT (-21.2575 34.0365)
111,80.0,34.0365,-21.2575,9,9.203709725,2.334452464,ZP,-9999,-9999,338.7425,87.5,POINT (-21.2575 34.0365)
112,7.0,29.4997,-21.8104,9,5.007621005,0.615002151,ZP,-9999,-9999,338.1896,15.0,POINT (-21.8104 29.4997)
113,110.0,29.4997,-21.8104,9,3.442243375,1.145162428,ZP,-9999,-9999,338.1896,117.5,POINT (-21.8104 29.4997)
114,7.0,24.6837,-21.4077,9,11.6708404,2.06957741,ZP,-9999,-9999,338.5923,15.0,POINT (-21.4077 24.6837)
115,40.0,24.6837,-21.4077,9,8.2822083,0.820042867,ZP,-9999,-9999,338.5923,45.0,POINT (-21.4077 24.6837)
116,90.0,24.6837,-21.4077,9,4.450051109,0.870854717,ZP,-9999,-9999,338.5923,117.5,POINT (-21.4077 24.6837)
117,7.0,20.0864,-20.6478,9,87.26623957,3.203425273,ZP,-9999,-9999,339.3522,15.0,POINT (-20.6478 20.0864)
118,20.0,20.0864,-20.6478,9,87.0263947,9.652549173,ZP,-9999,-9999,339.3522,27.5,POINT (-20.6478 20.0864)
119,40.0,20.0864,-20.6478,9,84.32112697,1.905729148,ZP,-9999,-9999,339.3522,45.0,POINT (-20.6478 20.0864)
120,7.0,12.766,-20.5364,10,842.1241511,0.900302983,ZP,-9999,-9999,339.4636,15.0,POINT (-20.5364 12.766)
121,20.0,12.766,-20.5364,10,6.708006944,1.089981708,ZP,-9999,-9999,339.4636,27.5,POINT (-20.5364 12.766)
122,40.0,12.766,-20.5364,10,848.7939353,4.010488298,ZP,-9999,-9999,339.4636,45.0,POINT (-20.5364 12.766)
123,7.0,9.0621,-22.2774,10,6.441012569,0.870919072,ZP,-9999,-9999,337.7226,15.0,POINT (-22.2774 9.0621)
124,30.0,9.0621,-22.2774,10,7.774679588,1.628578942,ZP,-9999,-9999,337.7226,45.0,POINT (-22.2774 9.0621)
125,50.0,9.0621,-22.2774,10,14.41660715,2.052290869,ZP,-9999,-9999,337.7226,65.0,POINT (-22.2774 9.0621)
126,7.0,5.1763,-24.0138,10,6.05718218,1.088545234,ZP,-9999,-9999,335.9862,15.0,POINT (-24.0138 5.1763)
127,40.0,5.1763,-24.0138,10,5.23043531,0.926002434,ZP,-9999,-9999,335.9862,45.0,POINT (-24.0138 5.1763)
128,70.0,5.1763,-24.0138,10,6.183140228,1.777870868,ZP,-9999,-9999,335.9862,87.5,POINT (-24.0138 5.1763)
129,7.0,1.3067,-25.7758,10,5.088328065,1.538784344,ZP,-9999,-9999,334.2242,15.0,POINT (-25.7758 1.3067)
130,40.0,1.3067,-25.7758,10,6.509104251,0.885358534,ZP,-9999,-9999,334.2242,45.0,POINT (-25.7758 1.3067)
131,50.0,1.3067,-25.7758,10,6.697167068,1.26228854,ZP,-9999,-9999,334.2242,65.0,POINT (-25.7758 1.3067)
132,70.0,1.3067,-25.7758,10,6.55965308,1.084933385,ZP,-9999,-9999,334.2242,87.5,POINT (-25.7758 1.3067)
133,80.0,1.3067,-25.7758,10,10.23813756,1.247870723,ZP,-9999,-9999,334.2242,87.5,POINT (-25.7758 1.3067)
134,100.0,1.3067,-25.7758,10,4.461309216,1.510630285,ZP,-9999,-9999,334.2242,117.5,POINT (-25.7758 1.3067)
135,7.0,-2.3717,-27.4529,10,6.841169098,0.656076252,ZP,-9999,-9999,332.5471,15.0,POINT (-27.4529 -2.3717)
136,40.0,-2.3717,-27.4529,10,4.991385894,0.636804336,ZP,-9999,-9999,332.5471,45.0,POINT (-27.4529 -2.3717)
137,85.0,-2.3717,-27.4529,10,7.5214636,1.459392696,ZP,-9999,-9999,332.5471,87.5,POINT (-27.4529 -2.3717)
138,7.0,-6.4773,-29.2694,10,4.013812568,0.641041852,ZP,-9999,-9999,330.7306,15.0,POINT (-29.2694 -6.4773)
139,50.0,-6.4773,-29.2694,10,3.725788304,0.422012063,ZP,-9999,-9999,330.7306,65.0,POINT (-29.2694 -6.4773)
140,110.0,-6.4773,-29.2694,10,5.142193346,1.090972496,ZP,-9999,-9999,330.7306,117.5,POINT (-29.2694 -6.4773)
141,7.0,-10.7686,-31.2473,10,3.793705249,0.407654432,ZP,-9999,-9999,328.7527,15.0,POINT (-31.2473 -10.7686)
142,75.0,-10.7686,-31.2473,10,7.306270354,0.546653755,ZP,-9999,-9999,328.7527,87.5,POINT (-31.2473 -10.7686)
143,130.0,-10.7686,-31.2473,10,5.218127049,0.695805736,ZP,-9999,-9999,328.7527,160.0,POINT (-31.2473 -10.7686)
144,7.0,-14.8892,-33.1213,10,3.989968387,0.940283357,ZP,-9999,-9999,326.8787,15.0,POINT (-33.1213 -14.8892)
145,60.0,-14.8892,-33.1213,10,4.446358137,0.382003518,ZP,-9999,-9999,326.8787,65.0,POINT (-33.1213 -14.8892)
146,140.0,-14.8892,-33.1213,10,2.988839747,0.495015511,ZP,-9999,-9999,326.8787,160.0,POINT (-33.1213 -14.8892)
147,7.0,-18.8563,-35.0487,10,5.030963044,0.477183734,ZP,-9999,-9999,324.9513,15.0,POINT (-35.0487 -18.8563)
148,50.0,-18.8563,-35.0487,10,5.705037449,0.607887884,ZP,-9999,-9999,324.9513,65.0,POINT (-35.0487 -18.8563)
149,75.0,-18.8563,-35.0487,10,6.150155915,0.905450664,ZP,-9999,-9999,324.9513,87.5,POINT (-35.0487 -18.8563)
150,100.0,-18.8563,-35.0487,10,3.718750404,0.420112673,ZP,-9999,-9999,324.9513,117.5,POINT (-35.0487 -18.8563)
151,125.0,-18.8563,-35.0487,10,841.3949445,0.456948128,ZP,-9999,-9999,324.9513,160.0,POINT (-35.0487 -18.8563)
152,140.0,-18.8563,-35.0487,10,2.79638606,0.282971964,ZP,-9999,-9999,324.9513,160.0,POINT (-35.0487 -18.8563)
153,7.0,-22.9106,-36.962,10,6.355031353,0.903198177,ZP,-9999,-9999,323.038,15.0,POINT (-36.962 -22.9106)
154,60.0,-22.9106,-36.962,10,6.711215131,1.088874279,ZP,-9999,-9999,323.038,65.0,POINT (-36.962 -22.9106)
155,100.0,-22.9106,-36.962,10,3.259558011,1.185024063,ZP,-9999,-9999,323.038,117.5,POINT (-36.962 -22.9106)
156,7.0,-26.6159,-39.5997,10,6.50852619,0.829944256,ZP,-9999,-9999,320.4003,15.0,POINT (-39.5997 -26.6159)
157,95.0,-26.6159,-39.5997,10,6.393670418,0.858432589,ZP,-9999,-9999,320.4003,117.5,POINT (-39.5997 -26.6159)
158,7.0,-29.8601,-42.9168,10,8.061042742,1.161884323,ZP,-9999,-9999,317.0832,15.0,POINT (-42.9168 -29.8601)
159,50.0,-29.8601,-42.9168,10,9.099349277,0.505414038,ZP,-9999,-9999,317.0832,65.0,POINT (-42.9168 -29.8601)
160,90.0,-29.8601,-42.9168,10,4.920872457,0.77436759,ZP,-9999,-9999,317.0832,117.5,POINT (-42.9168 -29.8601)
161,7.0,-32.791,-46.1171,10,8.016737898,1.160180097,ZP,-9999,-9999,313.8829,15.0,POINT (-46.1171 -32.791)
162,40.0,-32.791,-46.1171,10,12.0238236,1.832235092,ZP,-9999,-9999,313.8829,45.0,POINT (-46.1171 -32.791)
163,60.0,-32.791,-46.1171,10,12.09674745,1.244462483,ZP,-9999,-9999,313.8829,65.0,POINT (-46.1171 -32.791)
164,7.0,-35.716,-49.6219,10,25.47173574,3.632638549,ZP,-9999,-9999,310.3781,15.0,POINT (-49.6219 -35.716)
165,30.0,-35.716,-49.6219,10,9.913790946,1.848765002,ZP,-9999,-9999,310.3781,45.0,POINT (-49.6219 -35.716)
166,50.0,-35.716,-49.6219,10,8.232827581,1.099174419,ZP,-9999,-9999,310.3781,65.0,POINT (-49.6219 -35.716)
167,7.0,-37.8131,-52.1891,10,9.406762142,1.038052865,ZP,-9999,-9999,307.8109,15.0,POINT (-52.1891 -37.8131)
168,40.0,-37.8131,-52.1891,10,12.3118468,0.977234969,ZP,-9999,-9999,307.8109,45.0,POINT (-52.1891 -37.8131)
169,60.0,-37.8131,-52.1891,10,12.77826241,0.419444824,ZP,-9999,-9999,307.8109,65.0,POINT (-52.1891 -37.8131)
170,7.0,-43.5687,-55.0,10,27.52388342,3.720545096,ZP,-9999,-9999,305.0,15.0,POINT (-55 -43.5687)
171,30.0,-43.5687,-55.0,10,25.8904568,3.558408972,ZP,-9999,-9999,305.0,45.0,POINT (-55 -43.5687)
172,50.0,-43.5687,-55.0,10,5.551187983,0.900059949,ZP,-9999,-9999,305.0,65.0,POINT (-55 -43.5687)
173,7.0,-48.0038,-55.8721,10,30.32370494,0.524328444,ZP,-9999,-9999,304.1279,15.0,POINT (-55.8721 -48.0038)
174,40.0,-48.0038,-55.8721,10,25.70626366,0.423149853,ZP,-9999,-9999,304.1279,45.0,POINT (-55.8721 -48.0038)
175,80.0,-48.0038,-55.8721,10,35.23807501,0.703974855,ZP,-9999,-9999,304.1279,87.5,POINT (-55.8721 -48.0038)
176,7.0,-51.9314,-57.8948,10,26.92736877,0.440327027,ZP,-9999,-9999,302.1052,15.0,POINT (-57.8948 -51.9314)
177,20.0,-51.9314,-57.8948,10,19.26508845,0.493382408,ZP,-9999,-9999,302.1052,27.5,POINT (-57.8948 -51.9314)
178,40.0,-51.9314,-57.8948,10,10.59472015,0.102245259,ZP,-9999,-9999,302.1052,45.0,POINT (-57.8948 -51.9314)
179,7.0,-50.9916,-57.2881,4,12.2901717,0.408855246,ZP,-9999,-9999,302.7119,15.0,POINT (-57.2881 -50.9916)
180,80.0,-50.9916,-57.2881,4,13.77572747,0.18173042,ZP,-9999,-9999,302.7119,87.5,POINT (-57.2881 -50.9916)
181,7.0,-47.6209,-55.9421,4,18.58093449,1.74522343,ZP,-9999,-9999,304.0579,15.0,POINT (-55.9421 -47.6209)
182,50.0,-47.6209,-55.9421,4,3.569653862,0.765595669,ZP,-9999,-9999,304.0579,65.0,POINT (-55.9421 -47.6209)
183,7.0,-43.4812,-54.4026,4,29.59951833,1.407017126,ZP,-9999,-9999,305.5974,15.0,POINT (-54.4026 -43.4812)
184,50.0,-43.4812,-54.4026,4,27.48750766,0.167396958,ZP,-9999,-9999,305.5974,65.0,POINT (-54.4026 -43.4812)
185,7.0,-35.6517,-49.8181,4,14.48971026,0.968418069,ZP,-9999,-9999,310.1819,15.0,POINT (-49.8181 -35.6517)
186,20.0,-35.6517,-49.8181,4,11.73989624,0.8468136,ZP,-9999,-9999,310.1819,27.5,POINT (-49.8181 -35.6517)
187,7.0,-32.608,-46.1945,5,6.23655836,0.899385641,ZP,-9999,-9999,313.8055,15.0,POINT (-46.1945 -32.608)
188,50.0,-32.608,-46.1945,5,5.956227974,0.403122348,ZP,-9999,-9999,313.8055,65.0,POINT (-46.1945 -32.608)
189,7.0,-29.3281,-42.6499,5,6.66905959,0.84504342,ZP,-9999,-9999,317.3501,15.0,POINT (-42.6499 -29.3281)
190,80.0,-29.3281,-42.6499,5,4.213928778,0.322560792,ZP,-9999,-9999,317.3501,87.5,POINT (-42.6499 -29.3281)
191,7.0,-26.1029,-39.1871,5,4.440644177,1.014420975,ZP,-9999,-9999,320.8129,15.0,POINT (-39.1871 -26.1029)
192,80.0,-26.1029,-39.1871,5,3.877859222,1.63413864,ZP,-9999,-9999,320.8129,87.5,POINT (-39.1871 -26.1029)
193,7.0,-22.1545,-36.6299,5,5.173451647,0.481854457,ZP,-9999,-9999,323.3701,15.0,POINT (-36.6299 -22.1545)
194,110.0,-22.1545,-36.6299,5,4.5732831,0.311623783,ZP,-9999,-9999,323.3701,117.5,POINT (-36.6299 -22.1545)
195,7.0,-18.2723,-34.7646,5,6.907578547,0.267858236,ZP,-9999,-9999,325.2354,15.0,POINT (-34.7646 -18.2723)
196,40.0,-18.2723,-34.7646,5,4.199359153,0.288151476,ZP,-9999,-9999,325.2354,45.0,POINT (-34.7646 -18.2723)
197,7.0,-14.1082,-32.855,5,3.053569205,0.100073624,ZP,-9999,-9999,327.145,15.0,POINT (-32.855 -14.1082)
198,130.0,-14.1082,-32.855,5,2.880213411,0.214734752,ZP,-9999,-9999,327.145,160.0,POINT (-32.855 -14.1082)
199,7.0,-10.0303,-30.9468,5,2.841975739,0.425703317,ZP,-9999,-9999,329.0532,15.0,POINT (-30.9468 -10.0303)
200,120.0,-10.0303,-30.9468,5,1.253138822,0.346615266,ZP,-9999,-9999,329.0532,160.0,POINT (-30.9468 -10.0303)
201,7.0,-5.9151,-29.1212,5,3.777212741,0.13012989,ZP,-9999,-9999,330.8788,15.0,POINT (-29.1212 -5.9151)
202,110.0,-5.9151,-29.1212,5,1.520394692,0.444716165,ZP,-9999,-9999,330.8788,117.5,POINT (-29.1212 -5.9151)
203,7.0,-2.0159,-27.3388,5,3.537630964,0.194073139,ZP,-9999,-9999,332.6612,15.0,POINT (-27.3388 -2.0159)
204,70.0,-2.0159,-27.3388,5,2.134179521,0.330448441,ZP,-9999,-9999,332.6612,87.5,POINT (-27.3388 -2.0159)
205,7.0,1.8985,-25.6283,5,7.33801252,0.678476503,ZP,-9999,-9999,334.3717,15.0,POINT (-25.6283 1.8985)
206,72.0,1.8985,-25.6283,5,6.036479617,1.012903472,ZP,-9999,-9999,334.3717,87.5,POINT (-25.6283 1.8985)
207,7.0,6.0823,-23.6346,5,9.436965721,0.637882292,ZP,-9999,-9999,336.3654,15.0,POINT (-23.6346 6.0823)
208,40.0,6.0823,-23.6346,5,8.805166076,0.570260008,ZP,-9999,-9999,336.3654,45.0,POINT (-23.6346 6.0823)
209,7.0,11.7395,-21.0911,5,6.71591219,0.744175588,ZP,-9999,-9999,338.9089,15.0,POINT (-21.0911 11.7395)
210,60.0,11.7395,-21.0911,5,5.020815445,1.019061495,ZP,-9999,-9999,338.9089,65.0,POINT (-21.0911 11.7395)
211,7.0,13.7987,-21.0081,5,7.347339686,4.718761224,ZP,-9999,-9999,338.9919,15.0,POINT (-21.0081 13.7987)
212,30.0,13.7987,-21.0081,5,8.243393178,1.371789876,ZP,-9999,-9999,338.9919,45.0,POINT (-21.0081 13.7987)
213,7.0,17.7888,-21.2207,5,6.766700529,0.738994036,ZP,-9999,-9999,338.7793,15.0,POINT (-21.2207 17.7888)
214,60.0,17.7888,-21.2207,5,8.232206148,0.899440279,ZP,-9999,-9999,338.7793,65.0,POINT (-21.2207 17.7888)
215,7.0,24.1693,-21.7094,5,8.759090699,1.85494716,ZP,-9999,-9999,338.2906,15.0,POINT (-21.7094 24.1693)
216,40.0,24.1693,-21.7094,5,10.73174158,1.427986778,ZP,-9999,-9999,338.2906,45.0,POINT (-21.7094 24.1693)
217,7.0,27.958,-21.9679,5,7.941691935,0.445197948,ZP,-9999,-9999,338.0321,15.0,POINT (-21.9679 27.958)
218,80.0,27.958,-21.9679,5,4.325026825,0.359011204,ZP,-9999,-9999,338.0321,87.5,POINT (-21.9679 27.958)
219,7.0,31.8029,-21.5604,5,11.23858276,0.652092062,ZP,-9999,-9999,338.4396,15.0,POINT (-21.5604 31.8029)
221,7.0,34.6108,-21.1,5,5.576349576,0.996087666,ZP,-9999,-9999,338.9,15.0,POINT (-21.1 34.6108)
222,90.0,34.6108,-21.1,5,6.210816598,1.926274941,ZP,-9999,-9999,338.9,117.5,POINT (-21.1 34.6108)
223,7.0,37.8122,-20.1685,5,6.469839755,0.806547389,ZP,-9999,-9999,339.8315,15.0,POINT (-20.1685 37.8122)
224,80.0,37.8122,-20.1685,5,4.0475173,0.312792137,ZP,-9999,-9999,339.8315,87.5,POINT (-20.1685 37.8122)
225,7.0,39.8675,-20.0076,5,0.0,0.0,ZP,-9999,-9999,339.9924,15.0,POINT (-20.0076 39.8675)
226,50.0,39.8675,-20.0076,5,0.0,0.0,ZP,-9999,-9999,339.9924,65.0,POINT (-20.0076 39.8675)
227,7.0,43.967,-19.9718,5,20.51329221,0.99611587,ZP,-9999,-9999,340.02819999999997,15.0,POINT (-19.9718 43.967)
228,25.0,43.967,-19.9718,5,12.48385713,2.096414782,ZP,-9999,-9999,340.02819999999997,27.5,POINT (-19.9718 43.967)
230,15.0,47.0055,-20.0048,5,47.30105156,1.908594294,ZP,-9999,-9999,339.9952,15.0,POINT (-20.0048 47.0055)
231,7.0,48.0569,-13.9729,5,105.6545095,4.59064953,ZP,-9999,-9999,346.0271,15.0,POINT (-13.9729 48.0569)
232,20.0,48.0569,-13.9729,5,31.06448072,4.729417098,ZP,-9999,-9999,346.0271,27.5,POINT (-13.9729 48.0569)
233,2.0,47.9838,-13.2051,9,10.00275793,1.105148444,ZP,-9999,-9999,346.7949,5.0,POINT (-13.2051 47.9838)
234,40.0,47.9838,-13.2051,9,5.41412728,1.631114043,ZP,-9999,-9999,346.7949,45.0,POINT (-13.2051 47.9838)
235,2.0,47.1706,-18.4766,9,11.9170161,0.855744172,ZP,-9999,-9999,341.5234,5.0,POINT (-18.4766 47.1706)
236,50.0,47.1706,-18.4766,9,9.284795223,0.955311107,ZP,-9999,-9999,341.5234,65.0,POINT (-18.4766 47.1706)
237,2.0,42.8441,-19.9591,9,7.038145946,0.612935075,ZP,-9999,-9999,340.0409,5.0,POINT (-19.9591 42.8441)
238,40.0,42.8441,-19.9591,9,11.36753275,0.958662621,ZP,-9999,-9999,340.0409,45.0,POINT (-19.9591 42.8441)
239,2.0,38.7164,-20.0117,9,2.339323669,0.100252002,ZP,-9999,-9999,339.9883,5.0,POINT (-20.0117 38.7164)
240,80.0,38.7164,-20.0117,9,2.479251095,0.128759779,ZP,-9999,-9999,339.9883,87.5,POINT (-20.0117 38.7164)
241,2.0,35.4451,-19.5234,9,2.765107062,0.299932568,ZP,-9999,-9999,340.4766,5.0,POINT (-19.5234 35.4451)
242,85.0,35.4451,-19.5234,9,4.348196489,0.515716657,ZP,-9999,-9999,340.4766,87.5,POINT (-19.5234 35.4451)
243,2.0,32.3111,-17.2211,9,3.525884986,0.408722723,ZP,-9999,-9999,342.7789,5.0,POINT (-17.2211 32.3111)
244,75.0,32.3111,-17.2211,9,2.740791942,0.275265478,ZP,-9999,-9999,342.7789,87.5,POINT (-17.2211 32.3111)
245,2.0,29.0491,-20.9709,9,3.21393773,0.240181594,ZP,-9999,-9999,339.02909999999997,5.0,POINT (-20.9709 29.0491)
246,120.0,29.0491,-20.9709,9,2.286621151,0.111246053,ZP,-9999,-9999,339.02909999999997,160.0,POINT (-20.9709 29.0491)
247,2.0,24.1385,-20.9993,9,5.164527031,0.314415551,ZP,-9999,-9999,339.0007,5.0,POINT (-20.9993 24.1385)
248,90.0,24.1385,-20.9993,9,1.330652665,0.090079194,ZP,-9999,-9999,339.0007,117.5,POINT (-20.9993 24.1385)
249,2.0,19.7245,-20.5295,9,27.99679512,1.743726431,ZP,-9999,-9999,339.4705,5.0,POINT (-20.5295 19.7245)
250,30.0,19.7245,-20.5295,9,30.99194173,1.173104589,ZP,-9999,-9999,339.4705,45.0,POINT (-20.5295 19.7245)
253,2.0,10.923,-20.8704,9,2.751633081,0.132425382,ZP,-9999,-9999,339.1296,5.0,POINT (-20.8704 10.923)
254,48.0,10.923,-20.8704,9,5.287978712,0.648280089,ZP,-9999,-9999,339.1296,65.0,POINT (-20.8704 10.923)
255,2.0,7.027,-22.4694,10,1.951519281,0.517940488,ZP,-9999,-9999,337.5306,5.0,POINT (-22.4694 7.027)
256,75.0,7.027,-22.4694,10,4.545633585,0.219829981,ZP,-9999,-9999,337.5306,87.5,POINT (-22.4694 7.027)
257,2.0,2.8155,-24.164,10,3.89360444,0.078795992,ZP,-9999,-9999,335.836,5.0,POINT (-24.164 2.8155)
258,60.0,2.8155,-24.164,10,7.075999241,0.291185799,ZP,-9999,-9999,335.836,65.0,POINT (-24.164 2.8155)
259,2.0,-0.7727,-25.6632,10,4.563153276,0.185448483,ZP,-9999,-9999,334.3368,5.0,POINT (-25.6632 -0.7727)
260,83.0,-0.7727,-25.6632,10,2.734153028,0.217732741,ZP,-9999,-9999,334.3368,87.5,POINT (-25.6632 -0.7727)
261,2.0,-8.9671,-29.1149,10,2.948970477,0.174285574,ZP,-9999,-9999,330.8851,5.0,POINT (-29.1149 -8.9671)
262,120.0,-8.9671,-29.1149,10,3.042710267,0.201506054,ZP,-9999,-9999,330.8851,160.0,POINT (-29.1149 -8.9671)
263,2.0,-12.8768,-30.705,10,3.644636225,0.285771247,ZP,-9999,-9999,329.295,5.0,POINT (-30.705 -12.8768)
264,150.0,-12.8768,-30.705,10,2.282897565,0.199516221,ZP,-9999,-9999,329.295,160.0,POINT (-30.705 -12.8768)
265,2.0,-16.6857,-32.3625,10,2.08429286,0.443154781,ZP,-9999,-9999,327.6375,5.0,POINT (-32.3625 -16.6857)
266,140.0,-16.6857,-32.3625,10,2.219780994,0.304294302,ZP,-9999,-9999,327.6375,160.0,POINT (-32.3625 -16.6857)
267,2.0,-20.6622,-34.2247,10,6.760320784,0.355129627,ZP,-9999,-9999,325.7753,5.0,POINT (-34.2247 -20.6622)
268,135.0,-20.6622,-34.2247,10,1.805869857,0.169204777,ZP,-9999,-9999,325.7753,160.0,POINT (-34.2247 -20.6622)
269,2.0,-23.9023,-37.287,10,3.188373431,0.651177839,ZP,-9999,-9999,322.713,5.0,POINT (-37.287 -23.9023)
270,110.0,-23.9023,-37.287,10,7.010951634,0.195617417,ZP,-9999,-9999,322.713,117.5,POINT (-37.287 -23.9023)
271,2.0,-27.6914,-40.9806,10,6.39628807,0.377200204,ZP,-9999,-9999,319.0194,5.0,POINT (-40.9806 -27.6914)
272,35.0,-27.6914,-40.9806,10,3.933038577,0.639517467,ZP,-9999,-9999,319.0194,45.0,POINT (-40.9806 -27.6914)
273,2.0,-35.4846,-48.8613,10,17.89675764,2.090687995,ZP,-9999,-9999,311.1387,5.0,POINT (-48.8613 -35.4846)
274,35.0,-35.4846,-48.8613,10,15.10613094,1.58043222,ZP,-9999,-9999,311.1387,45.0,POINT (-48.8613 -35.4846)
275,2.0,-38.8359,-51.9136,10,25.99230534,2.057945292,ZP,-9999,-9999,308.0864,5.0,POINT (-51.9136 -38.8359)
276,25.0,-38.8359,-51.9136,10,26.47626737,1.340418612,ZP,-9999,-9999,308.0864,27.5,POINT (-51.9136 -38.8359)
277,2.0,-42.8105,-54.8698,10,11.61491991,3.877542389,ZP,-9999,-9999,305.1302,5.0,POINT (-54.8698 -42.8105)
278,25.0,-42.8105,-54.8698,10,7.582942418,0.867535591,ZP,-9999,-9999,305.1302,27.5,POINT (-54.8698 -42.8105)
279,2.0,-46.5429,-56.7502,10,11.95032857,1.065097276,ZP,-9999,-9999,303.2498,5.0,POINT (-56.7502 -46.5429)
280,35.0,-46.5429,-56.7502,10,19.61449109,1.782402595,ZP,-9999,-9999,303.2498,45.0,POINT (-56.7502 -46.5429)
281,7.0,-32.0579,17.8662,5,115.3805234,8.45357527,ZP,-9999,-9999,17.8662,15.0,POINT (17.8662 -32.0579)
282,7.0,-29.3643,16.2506,5,22.37029443,7.137293198,ZP,-9999,-9999,16.2506,15.0,POINT (16.2506 -29.3643)
283,4.0,-26.6942,13.4974,5,31.99897574,3.94583856,ZP,-9999,-9999,13.4974,5.0,POINT (13.4974 -26.6942)
284,7.0,-24.2755,14.1052,5,37.36877095,5.324082832,ZP,-9999,-9999,14.1052,15.0,POINT (14.1052 -24.2755)
285,15.0,-24.2755,14.1052,5,100.73251,12.2715604,ZP,-9999,-9999,14.1052,15.0,POINT (14.1052 -24.2755)
286,7.0,-21.3984,12.1012,5,28.4818613,2.132892649,ZP,-9999,-9999,12.1012,15.0,POINT (12.1012 -21.3984)
288,7.0,-18.9082,12.1514,5,26.07093932,0.961425969,ZP,-9999,-9999,12.1514,15.0,POINT (12.1514 -18.9082)
289,7.0,-17.4391,11.0724,5,16.07847068,1.696026315,ZP,-9999,-9999,11.0724,15.0,POINT (11.0724 -17.4391)
290,7.0,-0.0222,-8.8636,5,5.138450479,0.75101102,ZP,-9999,-9999,351.1364,15.0,POINT (-8.8636 -0.0222)
291,7.0,3.0743,-12.772,6,2.478248185,0.304709485,ZP,-9999,-9999,347.228,15.0,POINT (-12.772 3.0743)
292,7.0,5.8624,-16.0818,6,1.540160284,0.378790503,ZP,-9999,-9999,343.9182,15.0,POINT (-16.0818 5.8624)
312,20.0,-19.95,-11.0,10,26.58401056,2.220628984,ZP,-9999,-9999,349.0,27.5,POINT (-11 -19.95)
313,20.0,-19.6,-11.06666667,10,46.34550838,1.605275213,ZP,-9999,-9999,348.93333333,27.5,POINT (-11.06666667 -19.6)
314,20.0,-19.48333333,-11.36666667,10,71.43617023,2.243829801,ZP,-9999,-9999,348.63333333,27.5,POINT (-11.36666667 -19.48333333)
315,2.0,-19.26666667,-11.61666667,10,64.21682156,7.195294295,ZP,-9999,-9999,348.38333333,5.0,POINT (-11.61666667 -19.26666667)
316,10.0,-19.18333333,-11.75,10,51.67430993,14.96511621,ZP,-9999,-9999,348.25,15.0,POINT (-11.75 -19.18333333)
317,10.0,-19.03333333,-11.86666667,10,65.25530151,13.04952894,ZP,-9999,-9999,348.13333333,15.0,POINT (-11.86666667 -19.03333333)
318,10.0,-18.91666667,-12.0,10,87.42843354,5.103955939,ZP,-9999,-9999,348.0,15.0,POINT (-12 -18.91666667)
319,10.0,-18.8,-12.13333333,10,63.74096774,4.247726759,ZP,-9999,-9999,347.86666667,15.0,POINT (-12.13333333 -18.8)
320,10.0,-18.75,-12.2,10,291.5076221,8.180810756,ZP,-9999,-9999,347.8,15.0,POINT (-12.2 -18.75)
321,10.0,-20.33333333,-11.61666667,10,12.3195833,1.70041421,ZP,-9999,-9999,348.38333333,15.0,POINT (-11.61666667 -20.33333333)
322,20.0,-20.28333333,-11.71666667,10,37.32875933,4.599941395,ZP,-9999,-9999,348.28333333,27.5,POINT (-11.71666667 -20.28333333)
323,20.0,-20.25,-11.78333333,10,41.55918852,4.555211698,ZP,-9999,-9999,348.21666667,27.5,POINT (-11.78333333 -20.25)
324,20.0,-20.2,-11.9,10,42.71236223,4.028545577,ZP,-9999,-9999,348.1,27.5,POINT (-11.9 -20.2)
325,20.0,-20.01666667,-12.26666667,10,29.17537612,3.401151879,ZP,-9999,-9999,347.73333333,27.5,POINT (-12.26666667 -20.01666667)
326,10.0,-19.95,-12.41666667,10,52.87804807,3.681311593,ZP,-9999,-9999,347.58333333,15.0,POINT (-12.41666667 -19.95)
327,30.0,-19.86666667,-12.58333333,10,33.12441102,11.11951733,ZP,-9999,-9999,347.41666667,45.0,POINT (-12.58333333 -19.86666667)
328,2.0,-19.8,-12.73333333,10,106.3405636,14.6807876,ZP,-9999,-9999,347.26666667,5.0,POINT (-12.73333333 -19.8)
329,20.0,-21.95,-12.25,10,13.77119893,15.07332122,ZP,-9999,-9999,347.75,27.5,POINT (-12.25 -21.95)
330,10.0,-21.86666667,-12.4,10,16.46379128,2.091556183,ZP,-9999,-9999,347.6,15.0,POINT (-12.4 -21.86666667)
331,10.0,-21.61666667,-12.86666667,10,15.577399,18.12328464,ZP,-9999,-9999,347.13333333,15.0,POINT (-12.86666667 -21.61666667)
332,10.0,-21.53333333,-13.03333333,10,40.45472565,3.892745978,ZP,-9999,-9999,346.96666667,15.0,POINT (-13.03333333 -21.53333333)
333,10.0,-21.46666667,-13.18333333,10,41.89485748,2.822346824,ZP,-9999,-9999,346.81666667,15.0,POINT (-13.18333333 -21.46666667)
334,10.0,-21.38333333,-13.35,10,46.95138711,5.06070301,ZP,-9999,-9999,346.65,15.0,POINT (-13.35 -21.38333333)
335,10.0,-21.3,-13.5,10,119.0355138,7.710022291,ZP,-9999,-9999,346.5,15.0,POINT (-13.5 -21.3)
336,5.0,-21.25,-13.58333333,10,575.393735,15.75228131,ZP,-9999,-9999,346.41666667,5.0,POINT (-13.58333333 -21.25)
337,1.0,-21.25,-13.58333333,10,718.4132163,47.99657245,ZP,-9999,-9999,346.41666667,5.0,POINT (-13.58333333 -21.25)
338,2.0,-21.75,-13.85,10,513.4811427,52.00598916,ZP,-9999,-9999,346.15,5.0,POINT (-13.85 -21.75)
339,2.0,-22.98333333,-12.75,10,15.27791688,6.095043724,ZP,-9999,-9999,347.25,5.0,POINT (-12.75 -22.98333333)
340,10.0,-22.98333333,-12.95,10,17.94164216,2.096330528,ZP,-9999,-9999,347.05,15.0,POINT (-12.95 -22.98333333)
341,10.0,-22.98333333,-13.5,10,97.98856941,3.273376698,ZP,-9999,-9999,346.5,15.0,POINT (-13.5 -22.98333333)
342,10.0,-23.0,-13.68333333,10,35.72403221,2.989116429,ZP,-9999,-9999,346.31666667,15.0,POINT (-13.68333333 -23)
343,10.0,-22.98333333,-13.86666667,10,25.39442615,2.652231132,ZP,-9999,-9999,346.13333333,15.0,POINT (-13.86666667 -22.98333333)
344,10.0,-22.98333333,-14.05,10,20.52917906,1.03393358,ZP,-9999,-9999,345.95,15.0,POINT (-14.05 -22.98333333)
345,10.0,-22.98333333,-14.21666667,10,15.65278592,1.934226697,ZP,-9999,-9999,345.78333333,15.0,POINT (-14.21666667 -22.98333333)
346,2.0,-23.0,-14.3,10,398.507701,3.371474073,ZP,-9999,-9999,345.7,5.0,POINT (-14.3 -23)
347,2.0,-23.0,-14.36666667,10,419.4863797,14.74030978,ZP,-9999,-9999,345.63333333,5.0,POINT (-14.36666667 -23)
348,12.0,-23.75,-14.4,10,27.13453042,3.100355078,ZP,-9999,-9999,345.6,15.0,POINT (-14.4 -23.75)
349,24.0,-24.0,-14.16666667,10,13.35788133,26.40102161,ZP,-9999,-9999,345.83333333,27.5,POINT (-14.16666667 -24)
350,2.0,-24.25,-14.31666667,10,249.393162,4.041042317,ZP,-9999,-9999,345.68333333,5.0,POINT (-14.31666667 -24.25)
351,12.0,-24.26666667,-14.33333333,10,207.3428684,6.655838422,ZP,-9999,-9999,345.66666667,15.0,POINT (-14.33333333 -24.26666667)
352,2.0,-25.46666667,-12.1,10,7.72857292,3.237021853,ZP,-9999,-9999,347.9,5.0,POINT (-12.1 -25.46666667)
353,10.0,-25.33333333,-12.81666667,10,15.19863003,12.71037238,ZP,-9999,-9999,347.18333333,15.0,POINT (-12.81666667 -25.33333333)
354,20.0,-25.3,-13.0,10,29.72840292,5.208001761,ZP,-9999,-9999,347.0,27.5,POINT (-13 -25.3)
355,2.0,-25.58333333,-13.73333333,10,62.51672364,9.197076782,ZP,-9999,-9999,346.26666667,5.0,POINT (-13.73333333 -25.58333333)
356,10.0,-25.15,-13.91666667,10,34.36421116,1.972654541,ZP,-9999,-9999,346.08333333,15.0,POINT (-13.91666667 -25.15)
357,10.0,-25.11666667,-14.1,10,30.86890392,1.487099945,ZP,-9999,-9999,345.9,15.0,POINT (-14.1 -25.11666667)
358,2.0,-25.08333333,-14.28333333,10,54.87735798,5.64374915,ZP,-9999,-9999,345.71666667,5.0,POINT (-14.28333333 -25.08333333)
359,25.0,-25.1,-14.3,10,45.70367126,5.317366165,ZP,-9999,-9999,345.7,27.5,POINT (-14.3 -25.1)
360,14.0,-25.05,-14.46666667,10,46.91937842,16.40495428,ZP,-9999,-9999,345.53333333,15.0,POINT (-14.46666667 -25.05)
361,2.0,-25.01666667,-14.65,10,252.5214863,23.46637459,ZP,-9999,-9999,345.35,5.0,POINT (-14.65 -25.01666667)
362,7.0,-25.03333333,-14.66666667,10,110.9365154,0.18,ZP,-9999,-9999,345.33333333,15.0,POINT (-14.66666667 -25.03333333)
363,2.0,-25.0,-14.73333333,10,323.1201308,9.17108572,ZP,-9999,-9999,345.26666667,5.0,POINT (-14.73333333 -25)
364,5.0,-25.01666667,-14.75,10,164.7303592,0.0,ZP,-9999,-9999,345.25,5.0,POINT (-14.75 -25.01666667)
365,10.0,-25.03333333,-14.76666667,10,148.1301381,0.0,ZP,-9999,-9999,345.23333333,15.0,POINT (-14.76666667 -25.03333333)
366,5.0,50.25,-4.217,10,19.44596815,1.3651865,ZP,-9999,-9999,355.783,5.0,POINT (-4.217 50.25)
367,5.0,50.25,-4.217,10,18.87290232,4.106079385,ZP,-9999,-9999,355.783,5.0,POINT (-4.217 50.25)
368,5.0,50.25,-4.217,11,17.46817759,1.444333154,ZP,-9999,-9999,355.783,5.0,POINT (-4.217 50.25)
369,5.0,50.25,-4.217,11,15.85732462,5.152463408,ZP,-9999,-9999,355.783,5.0,POINT (-4.217 50.25)
370,5.0,50.25,-4.217,11,18.41420091,1.350521394,ZP,-9999,-9999,355.783,5.0,POINT (-4.217 50.25)
371,5.0,50.25,-4.217,12,9.202750524,2.961065832,ZP,-9999,-9999,355.783,5.0,POINT (-4.217 50.25)
372,5.0,50.25,-4.217,12,9.408097565,2.485887278,ZP,-9999,-9999,355.783,5.0,POINT (-4.217 50.25)
373,5.0,50.25,-4.217,1,10.42403452,0.237547078,ZP,-9999,-9999,355.783,5.0,POINT (-4.217 50.25)
374,5.0,50.25,-4.217,1,5.79652,4.3897837,ZP,-9999,-9999,355.783,5.0,POINT (-4.217 50.25)
375,5.0,50.25,-4.217,1,5.856575782,0.48613903,ZP,-9999,-9999,355.783,5.0,POINT (-4.217 50.25)
376,5.0,50.25,-4.217,2,69.04748596,3.180197413,ZP,-9999,-9999,355.783,5.0,POINT (-4.217 50.25)
377,5.0,50.25,-4.217,2,11.70621139,2.872804422,ZP,-9999,-9999,355.783,5.0,POINT (-4.217 50.25)
378,5.0,50.25,-4.217,2,7.238854871,1.855578657,ZP,-9999,-9999,355.783,5.0,POINT (-4.217 50.25)
379,5.0,50.25,-4.217,2,9.397820162,6.154237137,ZP,-9999,-9999,355.783,5.0,POINT (-4.217 50.25)
380,5.0,50.25,-4.217,3,7.868232192,7.617918396,ZP,-9999,-9999,355.783,5.0,POINT (-4.217 50.25)
381,5.0,50.25,-4.217,3,4.782368567,2.090481472,ZP,-9999,-9999,355.783,5.0,POINT (-4.217 50.25)
382,5.0,50.25,-4.217,3,6.093,18.0942402,ZP,-9999,-9999,355.783,5.0,POINT (-4.217 50.25)
383,5.0,50.25,-4.217,3,15.689,6.523379215,ZP,-9999,-9999,355.783,5.0,POINT (-4.217 50.25)
384,5.0,50.25,-4.217,4,52.08102609,15.90705182,ZP,-9999,-9999,355.783,5.0,POINT (-4.217 50.25)
385,5.0,50.25,-4.217,4,100.6359092,15.29405182,ZP,-9999,-9999,355.783,5.0,POINT (-4.217 50.25)
386,5.0,50.25,-4.217,4,41.42257728,10.70206238,ZP,-9999,-9999,355.783,5.0,POINT (-4.217 50.25)
387,5.0,50.25,-4.217,5,26.18437026,14.16059507,ZP,-9999,-9999,355.783,5.0,POINT (-4.217 50.25)
388,5.0,50.25,-4.217,5,42.05026504,3.314196048,ZP,-9999,-9999,355.783,5.0,POINT (-4.217 50.25)
389,5.0,50.25,-4.217,5,45.95075343,33.88127593,ZP,-9999,-9999,355.783,5.0,POINT (-4.217 50.25)
390,5.0,50.25,-4.217,6,35.6424759,91.93762886,ZP,-9999,-9999,355.783,5.0,POINT (-4.217 50.25)
391,5.0,50.25,-4.217,6,41.70045524,3.341513679,ZP,-9999,-9999,355.783,5.0,POINT (-4.217 50.25)
392,5.0,50.25,-4.217,6,43.57690056,24.63259059,ZP,-9999,-9999,355.783,5.0,POINT (-4.217 50.25)
393,5.0,50.25,-4.217,6,56.7557695,89.14986588,ZP,-9999,-9999,355.783,5.0,POINT (-4.217 50.25)
394,5.0,50.25,-4.217,6,73.55669117,137.3078406,ZP,-9999,-9999,355.783,5.0,POINT (-4.217 50.25)
395,5.0,50.25,-4.217,7,562.8005906,114.0727853,ZP,-9999,-9999,355.783,5.0,POINT (-4.217 50.25)
396,5.0,50.25,-4.217,7,254.3299489,1.401393509,ZP,-9999,-9999,355.783,5.0,POINT (-4.217 50.25)
397,5.0,50.25,-4.217,7,238.8702098,1.44464378,ZP,-9999,-9999,355.783,5.0,POINT (-4.217 50.25)
398,5.0,50.25,-4.217,7,27.61192217,1.580426257,ZP,-9999,-9999,355.783,5.0,POINT (-4.217 50.25)
399,5.0,50.25,-4.217,8,72.71560219,56.26074603,ZP,-9999,-9999,355.783,5.0,POINT (-4.217 50.25)
400,5.0,50.25,-4.217,8,62.30711538,81.23341383,ZP,-9999,-9999,355.783,5.0,POINT (-4.217 50.25)
401,5.0,50.25,-4.217,8,71.41728372,4.215590087,ZP,-9999,-9999,355.783,5.0,POINT (-4.217 50.25)
402,5.0,50.25,-4.217,8,54.4152834,1.547455101,ZP,-9999,-9999,355.783,5.0,POINT (-4.217 50.25)
403,5.0,50.25,-4.217,8,40.68050341,33.38651005,ZP,-9999,-9999,355.783,5.0,POINT (-4.217 50.25)
404,5.0,50.25,-4.217,9,33.59065707,3.471144648,ZP,-9999,-9999,355.783,5.0,POINT (-4.217 50.25)
405,5.0,50.25,-4.217,9,69.4741662,9.180974887,ZP,-9999,-9999,355.783,5.0,POINT (-4.217 50.25)
406,5.0,50.25,-4.217,10,34.62488521,0.766876453,ZP,-9999,-9999,355.783,5.0,POINT (-4.217 50.25)
407,5.0,50.25,-4.217,10,25.36444469,6.28434,ZP,-9999,-9999,355.783,5.0,POINT (-4.217 50.25)
408,5.0,50.25,-4.217,10,18.504952,5.72656,ZP,-9999,-9999,355.783,5.0,POINT (-4.217 50.25)
409,5.0,50.25,-4.217,11,14.23414,0.39016,ZP,-9999,-9999,355.783,5.0,POINT (-4.217 50.25)
410,5.0,50.25,-4.217,11,14.599596,0.49914,ZP,-9999,-9999,355.783,5.0,POINT (-4.217 50.25)
411,5.0,50.25,-4.217,11,17.450868,1.39662,ZP,-9999,-9999,355.783,5.0,POINT (-4.217 50.25)
412,5.0,50.25,-4.217,11,13.748524,1.60874,ZP,-9999,-9999,355.783,5.0,POINT (-4.217 50.25)
413,5.0,50.25,-4.217,12,11.872268,0.33988,ZP,-9999,-9999,355.783,5.0,POINT (-4.217 50.25)
414,5.0,50.25,-4.217,12,12.333342,0.08934,ZP,-9999,-9999,355.783,5.0,POINT (-4.217 50.25)
415,5.0,50.25,-4.217,1,16.212824,0.53344,ZP,-9999,-9999,355.783,5.0,POINT (-4.217 50.25)
416,5.0,50.25,-4.217,1,13.3284202,1.35622,ZP,-9999,-9999,355.783,5.0,POINT (-4.217 50.25)
417,5.0,50.25,-4.217,1,7.163476,1.05834,ZP,-9999,-9999,355.783,5.0,POINT (-4.217 50.25)
418,5.0,50.25,-4.217,2,11.642656,1.49877,ZP,-9999,-9999,355.783,5.0,POINT (-4.217 50.25)
419,5.0,50.25,-4.217,2,9.977814,0.79747,ZP,-9999,-9999,355.783,5.0,POINT (-4.217 50.25)
420,5.0,50.25,-4.217,2,8.821132,0.60328,ZP,-9999,-9999,355.783,5.0,POINT (-4.217 50.25)
421,5.0,50.25,-4.217,2,5.132782,2.88468,ZP,-9999,-9999,355.783,5.0,POINT (-4.217 50.25)
422,5.0,50.25,-4.217,3,8.784382,0.6464,ZP,-9999,-9999,355.783,5.0,POINT (-4.217 50.25)
423,5.0,50.25,-4.217,3,14.87594917,2.22445,ZP,-9999,-9999,355.783,5.0,POINT (-4.217 50.25)
424,5.0,50.25,-4.217,3,15.92693109,2.62389,ZP,-9999,-9999,355.783,5.0,POINT (-4.217 50.25)
425,5.0,50.25,-4.217,3,6.610619,11.5476,ZP,-9999,-9999,355.783,5.0,POINT (-4.217 50.25)
426,5.0,50.25,-4.217,4,9.933627,5.38461,ZP,-9999,-9999,355.783,5.0,POINT (-4.217 50.25)
427,5.0,50.25,-4.217,4,33.7653111,8.79969,ZP,-9999,-9999,355.783,5.0,POINT (-4.217 50.25)
428,5.0,50.25,-4.217,4,78.2668219,32.26372,ZP,-9999,-9999,355.783,5.0,POINT (-4.217 50.25)
429,5.0,50.25,-4.217,5,217.8266131,25.31074,ZP,-9999,-9999,355.783,5.0,POINT (-4.217 50.25)
430,5.0,50.25,-4.217,5,36.46908659,30.70402,ZP,-9999,-9999,355.783,5.0,POINT (-4.217 50.25)
431,5.0,50.25,-4.217,5,28.99122133,14.94917,ZP,-9999,-9999,355.783,5.0,POINT (-4.217 50.25)
432,5.0,50.25,-4.217,5,14.49310644,8.94168,ZP,-9999,-9999,355.783,5.0,POINT (-4.217 50.25)
433,5.0,50.25,-4.217,6,65.9888405,10.27729,ZP,-9999,-9999,355.783,5.0,POINT (-4.217 50.25)
434,5.0,50.25,-4.217,6,41.24540037,12.69869,ZP,-9999,-9999,355.783,5.0,POINT (-4.217 50.25)
435,5.0,50.25,-4.217,6,53.03368539,17.15782,ZP,-9999,-9999,355.783,5.0,POINT (-4.217 50.25)
436,5.0,50.25,-4.217,6,13.107442,23.54919,ZP,-9999,-9999,355.783,5.0,POINT (-4.217 50.25)
437,5.0,50.25,-4.217,6,27.75517779,6.32975,ZP,-9999,-9999,355.783,5.0,POINT (-4.217 50.25)
438,5.0,50.25,-4.217,7,77.60432563,15.33364,ZP,-9999,-9999,355.783,5.0,POINT (-4.217 50.25)
439,5.0,50.25,-4.217,7,65.12506451,31.78107,ZP,-9999,-9999,355.783,5.0,POINT (-4.217 50.25)
440,5.0,50.25,-4.217,7,71.298146,136.14077,ZP,-9999,-9999,355.783,5.0,POINT (-4.217 50.25)
441,5.0,50.25,-4.217,8,291.8478598,32.51946,ZP,-9999,-9999,355.783,5.0,POINT (-4.217 50.25)
442,5.0,50.25,-4.217,8,536.7039267,40.57929,ZP,-9999,-9999,355.783,5.0,POINT (-4.217 50.25)
443,5.0,50.25,-4.217,8,181.8910455,22.67772,ZP,-9999,-9999,355.783,5.0,POINT (-4.217 50.25)
444,5.0,50.25,-4.217,8,71.79823434,26.84092,ZP,-9999,-9999,355.783,5.0,POINT (-4.217 50.25)
445,5.0,50.25,-4.217,8,45.15603791,5.61518,ZP,-9999,-9999,355.783,5.0,POINT (-4.217 50.25)
446,5.0,50.25,-4.217,9,33.462504,53.67039,ZP,-9999,-9999,355.783,5.0,POINT (-4.217 50.25)
447,5.0,50.25,-4.217,9,28.510686,16.9622,ZP,-9999,-9999,355.783,5.0,POINT (-4.217 50.25)
448,5.0,50.25,-4.217,9,32.99269,12.63635,ZP,-9999,-9999,355.783,5.0,POINT (-4.217 50.25)
449,5.0,50.25,-4.217,9,30.668328,4.28927,ZP,-9999,-9999,355.783,5.0,POINT (-4.217 50.25)
450,5.0,50.25,-4.217,6,37.877599,20.97924,ZP,-9999,-9999,355.783,5.0,POINT (-4.217 50.25)
451,5.0,50.25,-4.217,6,90.901296,36.52663,ZP,-9999,-9999,355.783,5.0,POINT (-4.217 50.25)
452,5.0,50.25,-4.217,6,32.614408,11.30799,ZP,-9999,-9999,355.783,5.0,POINT (-4.217 50.25)
453,5.0,50.25,-4.217,7,70.586427,20.0427,ZP,-9999,-9999,355.783,5.0,POINT (-4.217 50.25)
454,5.0,50.25,-4.217,7,35.27691196,20.34481,ZP,-9999,-9999,355.783,5.0,POINT (-4.217 50.25)
455,5.0,50.25,-4.217,7,30.63894179,43.51513,ZP,-9999,-9999,355.783,5.0,POINT (-4.217 50.25)
456,5.0,50.25,-4.217,7,210.73117,44.22815,ZP,-9999,-9999,355.783,5.0,POINT (-4.217 50.25)
457,5.0,50.25,-4.217,7,18.546354,9.23952,ZP,-9999,-9999,355.783,5.0,POINT (-4.217 50.25)
458,5.0,50.25,-4.217,8,150.059634,62.09901,ZP,-9999,-9999,355.783,5.0,POINT (-4.217 50.25)
459,5.0,50.25,-4.217,8,58.460866,38.22202,ZP,-9999,-9999,355.783,5.0,POINT (-4.217 50.25)
460,5.0,50.25,-4.217,8,33.28045,18.38245,ZP,-9999,-9999,355.783,5.0,POINT (-4.217 50.25)
461,5.0,50.25,-4.217,8,41.10873037,26.74645,ZP,-9999,-9999,355.783,5.0,POINT (-4.217 50.25)
462,5.0,50.25,-4.217,9,24.557364,29.30101,ZP,-9999,-9999,355.783,5.0,POINT (-4.217 50.25)
463,5.0,50.25,-4.217,9,34.748284,90.98026,ZP,-9999,-9999,355.783,5.0,POINT (-4.217 50.25)
464,5.0,50.25,-4.217,9,26.292238,31.97584,ZP,-9999,-9999,355.783,5.0,POINT (-4.217 50.25)
465,5.0,50.25,-4.217,9,16.69119545,15.56166,ZP,-9999,-9999,355.783,5.0,POINT (-4.217 50.25)
466,5.0,50.25,-4.217,10,27.26251198,11.46673,ZP,-9999,-9999,355.783,5.0,POINT (-4.217 50.25)
467,5.0,50.25,-4.217,10,36.26487279,19.19893,ZP,-9999,-9999,355.783,5.0,POINT (-4.217 50.25)
468,5.0,50.25,-4.217,10,30.999688,21.84909,ZP,-9999,-9999,355.783,5.0,POINT (-4.217 50.25)
469,5.0,50.25,-4.217,10,24.195752,8.44706,ZP,-9999,-9999,355.783,5.0,POINT (-4.217 50.25)
470,5.0,50.25,-4.217,10,11.743696,2.63328,ZP,-9999,-9999,355.783,5.0,POINT (-4.217 50.25)
471,5.0,50.25,-4.217,11,9.792586,2.85239,ZP,-9999,-9999,355.783,5.0,POINT (-4.217 50.25)
472,5.0,50.25,-4.217,11,13.25204,3.10626,ZP,-9999,-9999,355.783,5.0,POINT (-4.217 50.25)
473,5.0,50.25,-4.217,11,13.274202,1.49458,ZP,-9999,-9999,355.783,5.0,POINT (-4.217 50.25)
474,5.0,50.25,-4.217,12,8.189394,1.27658,ZP,-9999,-9999,355.783,5.0,POINT (-4.217 50.25)
475,5.0,50.25,-4.217,12,8.710746,0.98258,ZP,-9999,-9999,355.783,5.0,POINT (-4.217 50.25)
476,5.0,50.25,-4.217,1,5.174136,0.25546,ZP,-9999,-9999,355.783,5.0,POINT (-4.217 50.25)
477,5.0,50.25,-4.217,1,5.741146,0.68592,ZP,-9999,-9999,355.783,5.0,POINT (-4.217 50.25)
478,5.0,50.25,-4.217,1,8.75145,1.85998,ZP,-9999,-9999,355.783,5.0,POINT (-4.217 50.25)
479,5.0,50.25,-4.217,1,6.807558,1.64156,ZP,-9999,-9999,355.783,5.0,POINT (-4.217 50.25)
480,5.0,50.25,-4.217,2,10.526688,1.69644,ZP,-9999,-9999,355.783,5.0,POINT (-4.217 50.25)
481,5.0,50.25,-4.217,2,6.167978,2.06891,ZP,-9999,-9999,355.783,5.0,POINT (-4.217 50.25)
482,5.0,50.25,-4.217,2,13.102374,1.95022,ZP,-9999,-9999,355.783,5.0,POINT (-4.217 50.25)
483,5.0,50.25,-4.217,3,8.769282,5.14192,ZP,-9999,-9999,355.783,5.0,POINT (-4.217 50.25)
484,5.0,50.25,-4.217,3,7.77573,4.22521,ZP,-9999,-9999,355.783,5.0,POINT (-4.217 50.25)
485,5.0,50.25,-4.217,3,13.741898,1.8354,ZP,-9999,-9999,355.783,5.0,POINT (-4.217 50.25)
486,5.0,50.25,-4.217,3,14.605446,1.87947,ZP,-9999,-9999,355.783,5.0,POINT (-4.217 50.25)
487,5.0,50.25,-4.217,4,15.464332,0.44979,ZP,-9999,-9999,355.783,5.0,POINT (-4.217 50.25)
488,5.0,50.25,-4.217,4,3.866148,9.82728,ZP,-9999,-9999,355.783,5.0,POINT (-4.217 50.25)
489,5.0,50.25,-4.217,4,9.966812,11.76885,ZP,-9999,-9999,355.783,5.0,POINT (-4.217 50.25)
490,5.0,50.25,-4.217,4,63.4014,19.59728,ZP,-9999,-9999,355.783,5.0,POINT (-4.217 50.25)
491,5.0,50.25,-4.217,4,76.55827333,33.11245,ZP,-9999,-9999,355.783,5.0,POINT (-4.217 50.25)
492,5.0,50.25,-4.217,5,44.6863774,19.07992,ZP,-9999,-9999,355.783,5.0,POINT (-4.217 50.25)
493,5.0,50.25,-4.217,5,68.22538483,29.93258,ZP,-9999,-9999,355.783,5.0,POINT (-4.217 50.25)
494,5.0,50.25,-4.217,5,94.43489107,41.95438,ZP,-9999,-9999,355.783,5.0,POINT (-4.217 50.25)
495,5.0,50.25,-4.217,5,47.92046777,22.91104,ZP,-9999,-9999,355.783,5.0,POINT (-4.217 50.25)
496,5.0,50.25,-4.217,6,67.57269998,2.66922,ZP,-9999,-9999,355.783,5.0,POINT (-4.217 50.25)
497,5.0,50.25,-4.217,6,50.57275989,12.40632,ZP,-9999,-9999,355.783,5.0,POINT (-4.217 50.25)
498,5.0,50.25,-4.217,6,18.25144884,4.05136,ZP,-9999,-9999,355.783,5.0,POINT (-4.217 50.25)
499,5.0,50.25,-4.217,6,28.190518,6.20747,ZP,-9999,-9999,355.783,5.0,POINT (-4.217 50.25)
500,5.0,50.25,-4.217,7,36.72128,4.92674,ZP,-9999,-9999,355.783,5.0,POINT (-4.217 50.25)
501,5.0,50.25,-4.217,7,53.32698711,5.4594,ZP,-9999,-9999,355.783,5.0,POINT (-4.217 50.25)
502,5.0,50.25,-4.217,7,40.91948081,12.22924,ZP,-9999,-9999,355.783,5.0,POINT (-4.217 50.25)
503,5.0,50.25,-4.217,7,37.15465949,26.6175,ZP,-9999,-9999,355.783,5.0,POINT (-4.217 50.25)
504,5.0,50.25,-4.217,7,39.69532878,13.9048,ZP,-9999,-9999,355.783,5.0,POINT (-4.217 50.25)
505,5.0,50.25,-4.217,8,89.41155471,54.90636,ZP,-9999,-9999,355.783,5.0,POINT (-4.217 50.25)
506,5.0,50.25,-4.217,8,37.323008,59.18456,ZP,-9999,-9999,355.783,5.0,POINT (-4.217 50.25)
507,5.0,50.25,-4.217,8,57.125454,29.10944,ZP,-9999,-9999,355.783,5.0,POINT (-4.217 50.25)
508,5.0,50.25,-4.217,8,79.42063957,10.63535,ZP,-9999,-9999,355.783,5.0,POINT (-4.217 50.25)
509,5.0,50.25,-4.217,9,431.2489972,14.34485,ZP,-9999,-9999,355.783,5.0,POINT (-4.217 50.25)
510,5.0,50.25,-4.217,9,15.38072,1.69016,ZP,-9999,-9999,355.783,5.0,POINT (-4.217 50.25)
511,5.0,50.25,-4.217,9,21.13295845,6.93295,ZP,-9999,-9999,355.783,5.0,POINT (-4.217 50.25)
512,5.0,50.25,-4.217,9,20.98605563,4.90228,ZP,-9999,-9999,355.783,5.0,POINT (-4.217 50.25)
513,5.0,50.25,-4.217,10,31.285289,15.34166,ZP,-9999,-9999,355.783,5.0,POINT (-4.217 50.25)
514,5.0,50.25,-4.217,10,18.6535937,4.82909,ZP,-9999,-9999,355.783,5.0,POINT (-4.217 50.25)
515,5.0,50.25,-4.217,10,20.138336,4.77814,ZP,-9999,-9999,355.783,5.0,POINT (-4.217 50.25)
516,5.0,50.25,-4.217,10,9.559927,8.82657,ZP,-9999,-9999,355.783,5.0,POINT (-4.217 50.25)
517,5.0,50.25,-4.217,11,10.57672,5.2287,ZP,-9999,-9999,355.783,5.0,POINT (-4.217 50.25)
518,5.0,50.25,-4.217,11,11.24919637,4.11621,ZP,-9999,-9999,355.783,5.0,POINT (-4.217 50.25)
519,5.0,50.25,-4.217,11,5.27599,5.11595,ZP,-9999,-9999,355.783,5.0,POINT (-4.217 50.25)
520,5.0,50.25,-4.217,11,6.597485,4.11309,ZP,-9999,-9999,355.783,5.0,POINT (-4.217 50.25)
521,5.0,50.25,-4.217,12,7.505812,2.09179,ZP,-9999,-9999,355.783,5.0,POINT (-4.217 50.25)
522,5.0,50.25,-4.217,12,6.877338,1.98812,ZP,-9999,-9999,355.783,5.0,POINT (-4.217 50.25)
523,5.0,50.25,-4.217,12,3.94003,2.0132,ZP,-9999,-9999,355.783,5.0,POINT (-4.217 50.25)
524,5.0,50.25,-4.217,1,5.8784005,1.02625,ZP,-9999,-9999,355.783,5.0,POINT (-4.217 50.25)
525,5.0,50.25,-4.217,1,5.36112937,1.77104,ZP,-9999,-9999,355.783,5.0,POINT (-4.217 50.25)
526,5.0,50.25,-4.217,1,7.412065,2.001065,ZP,-9999,-9999,355.783,5.0,POINT (-4.217 50.25)
527,5.0,50.25,-4.217,2,5.569602,0.94688,ZP,-9999,-9999,355.783,5.0,POINT (-4.217 50.25)
528,5.0,50.25,-4.217,2,8.79668,6.90978,ZP,-9999,-9999,355.783,5.0,POINT (-4.217 50.25)
529,5.0,50.25,-4.217,3,10.77711,2.5397,ZP,-9999,-9999,355.783,5.0,POINT (-4.217 50.25)
530,5.0,50.25,-4.217,3,5.977005,2.28868,ZP,-9999,-9999,355.783,5.0,POINT (-4.217 50.25)
531,5.0,50.25,-4.217,3,18.23701509,6.89064,ZP,-9999,-9999,355.783,5.0,POINT (-4.217 50.25)
532,5.0,50.25,-4.217,3,23.59773528,18.92188,ZP,-9999,-9999,355.783,5.0,POINT (-4.217 50.25)
533,5.0,50.25,-4.217,4,10.6040676,29.90072,ZP,-9999,-9999,355.783,5.0,POINT (-4.217 50.25)
534,5.0,50.25,-4.217,4,17.75216179,10.39528,ZP,-9999,-9999,355.783,5.0,POINT (-4.217 50.25)
535,5.0,50.25,-4.217,4,23.27967764,18.80936,ZP,-9999,-9999,355.783,5.0,POINT (-4.217 50.25)
536,5.0,50.25,-4.217,4,137.0037407,4.67632,ZP,-9999,-9999,355.783,5.0,POINT (-4.217 50.25)
537,5.0,50.25,-4.217,4,93.49644953,9.18757,ZP,-9999,-9999,355.783,5.0,POINT (-4.217 50.25)
538,5.0,50.25,-4.217,5,96.69768575,4.63786,ZP,-9999,-9999,355.783,5.0,POINT (-4.217 50.25)
539,5.0,50.25,-4.217,5,83.521059,2.4887,ZP,-9999,-9999,355.783,5.0,POINT (-4.217 50.25)
540,5.0,50.25,-4.217,5,51.953902,9.6512,ZP,-9999,-9999,355.783,5.0,POINT (-4.217 50.25)
541,5.0,50.25,-4.217,6,30.949305,7.37214,ZP,-9999,-9999,355.783,5.0,POINT (-4.217 50.25)
542,5.0,50.25,-4.217,6,28.162072,9.2283,ZP,-9999,-9999,355.783,5.0,POINT (-4.217 50.25)
543,5.0,50.25,-4.217,6,25.310974,0.65,ZP,-9999,-9999,355.783,5.0,POINT (-4.217 50.25)
544,5.0,50.25,-4.217,6,99.218538,20.33284,ZP,-9999,-9999,355.783,5.0,POINT (-4.217 50.25)
545,5.0,50.25,-4.217,6,108.2445081,17.13306,ZP,-9999,-9999,355.783,5.0,POINT (-4.217 50.25)
546,5.0,50.25,-4.217,7,66.73137449,1.89292,ZP,-9999,-9999,355.783,5.0,POINT (-4.217 50.25)
547,5.0,50.25,-4.217,7,52.461854,37.65054,ZP,-9999,-9999,355.783,5.0,POINT (-4.217 50.25)
548,5.0,50.25,-4.217,7,60.91933583,19.07545,ZP,-9999,-9999,355.783,5.0,POINT (-4.217 50.25)
549,5.0,50.25,-4.217,7,260.9605108,27.40878,ZP,-9999,-9999,355.783,5.0,POINT (-4.217 50.25)
550,5.0,50.25,-4.217,8,716.6533654,10.38088,ZP,-9999,-9999,355.783,5.0,POINT (-4.217 50.25)
551,5.0,50.25,-4.217,8,323.715423,7.78159,ZP,-9999,-9999,355.783,5.0,POINT (-4.217 50.25)
552,5.0,50.25,-4.217,8,207.0331749,24.44012,ZP,-9999,-9999,355.783,5.0,POINT (-4.217 50.25)
553,5.0,50.25,-4.217,8,108.7292619,7.26124,ZP,-9999,-9999,355.783,5.0,POINT (-4.217 50.25)
554,5.0,50.25,-4.217,9,83.403152,4.31007,ZP,-9999,-9999,355.783,5.0,POINT (-4.217 50.25)
555,5.0,50.25,-4.217,9,67.887035,6.72074,ZP,-9999,-9999,355.783,5.0,POINT (-4.217 50.25)
556,5.0,50.25,-4.217,9,146.2688588,10.06407,ZP,-9999,-9999,355.783,5.0,POINT (-4.217 50.25)
557,5.0,50.25,-4.217,9,105.2688835,3.41435,ZP,-9999,-9999,355.783,5.0,POINT (-4.217 50.25)
558,5.0,50.25,-4.217,9,107.2094944,13.04514,ZP,-9999,-9999,355.783,5.0,POINT (-4.217 50.25)
559,5.0,50.25,-4.217,10,73.555901,13.92363,ZP,-9999,-9999,355.783,5.0,POINT (-4.217 50.25)
560,5.0,50.25,-4.217,10,234.1987473,7.14851,ZP,-9999,-9999,355.783,5.0,POINT (-4.217 50.25)
561,5.0,50.25,-4.217,11,9.494354,3.609909269,ZP,-9999,-9999,355.783,5.0,POINT (-4.217 50.25)
562,5.0,50.25,-4.217,11,7.340943153,1.0705,ZP,-9999,-9999,355.783,5.0,POINT (-4.217 50.25)
563,5.0,50.25,-4.217,11,35.368852,1.61712,ZP,-9999,-9999,355.783,5.0,POINT (-4.217 50.25)
564,5.0,50.25,-4.217,12,10.523476,0.82548,ZP,-9999,-9999,355.783,5.0,POINT (-4.217 50.25)
565,5.0,50.25,-4.217,12,12.462335,2.88463,ZP,-9999,-9999,355.783,5.0,POINT (-4.217 50.25)
566,5.0,50.25,-4.217,12,9.065872,2.11468,ZP,-9999,-9999,355.783,5.0,POINT (-4.217 50.25)
567,5.0,50.25,-4.217,1,8.334549,1.02101,ZP,-9999,-9999,355.783,5.0,POINT (-4.217 50.25)
568,5.0,50.25,-4.217,1,4.941131,2.00866,ZP,-9999,-9999,355.783,5.0,POINT (-4.217 50.25)
569,5.0,50.25,-4.217,1,6.263616,1.33149,ZP,-9999,-9999,355.783,5.0,POINT (-4.217 50.25)
570,5.0,50.25,-4.217,2,7.104152,1.84464,ZP,-9999,-9999,355.783,5.0,POINT (-4.217 50.25)
571,5.0,50.25,-4.217,2,8.266457,2.93202,ZP,-9999,-9999,355.783,5.0,POINT (-4.217 50.25)
572,5.0,50.25,-4.217,2,12.822006,30.6217,ZP,-9999,-9999,355.783,5.0,POINT (-4.217 50.25)
573,5.0,50.25,-4.217,3,9.802975393,12.59378,ZP,-9999,-9999,355.783,5.0,POINT (-4.217 50.25)
574,5.0,50.25,-4.217,3,11.419733,5.40838,ZP,-9999,-9999,355.783,5.0,POINT (-4.217 50.25)
575,5.0,50.25,-4.217,3,11.341573,10.83925,ZP,-9999,-9999,355.783,5.0,POINT (-4.217 50.25)
576,5.0,50.25,-4.217,3,11.1515897,21.66362,ZP,-9999,-9999,355.783,5.0,POINT (-4.217 50.25)
577,5.0,50.25,-4.217,4,14.61564557,11.30411,ZP,-9999,-9999,355.783,5.0,POINT (-4.217 50.25)
578,5.0,50.25,-4.217,4,4.338015897,5.46857,ZP,-9999,-9999,355.783,5.0,POINT (-4.217 50.25)
579,5.0,50.25,-4.217,4,20.11374779,0.57709,ZP,-9999,-9999,355.783,5.0,POINT (-4.217 50.25)
580,5.0,50.25,-4.217,4,127.8525833,1.56061,ZP,-9999,-9999,355.783,5.0,POINT (-4.217 50.25)
581,5.0,50.25,-4.217,5,119.788019,6.74163,ZP,-9999,-9999,355.783,5.0,POINT (-4.217 50.25)
582,5.0,50.25,-4.217,5,72.55940504,5.9663,ZP,-9999,-9999,355.783,5.0,POINT (-4.217 50.25)
583,5.0,50.25,-4.217,5,26.39110474,8.184,ZP,-9999,-9999,355.783,5.0,POINT (-4.217 50.25)
584,5.0,50.25,-4.217,5,33.07668,9.06626,ZP,-9999,-9999,355.783,5.0,POINT (-4.217 50.25)
585,5.0,50.25,-4.217,6,45.906566,2.35799,ZP,-9999,-9999,355.783,5.0,POINT (-4.217 50.25)
586,5.0,50.25,-4.217,6,69.63783906,41.1601,ZP,-9999,-9999,355.783,5.0,POINT (-4.217 50.25)
587,5.0,50.25,-4.217,6,39.30881053,19.49919,ZP,-9999,-9999,355.783,5.0,POINT (-4.217 50.25)
588,5.0,50.25,-4.217,7,66.14408848,25.14804,ZP,-9999,-9999,355.783,5.0,POINT (-4.217 50.25)
589,5.0,50.25,-4.217,7,73.37913641,12.68952,ZP,-9999,-9999,355.783,5.0,POINT (-4.217 50.25)
590,5.0,50.25,-4.217,7,74.68234438,6.66599,ZP,-9999,-9999,355.783,5.0,POINT (-4.217 50.25)
591,5.0,50.25,-4.217,7,61.21011306,2.64864,ZP,-9999,-9999,355.783,5.0,POINT (-4.217 50.25)
592,5.0,50.25,-4.217,8,54.20596121,22.47413,ZP,-9999,-9999,355.783,5.0,POINT (-4.217 50.25)
593,5.0,50.25,-4.217,8,56.5017781,6.90779,ZP,-9999,-9999,355.783,5.0,POINT (-4.217 50.25)
594,5.0,50.25,-4.217,8,51.4813672,7.42902,ZP,-9999,-9999,355.783,5.0,POINT (-4.217 50.25)
595,5.0,50.25,-4.217,8,21.40416719,7.43958,ZP,-9999,-9999,355.783,5.0,POINT (-4.217 50.25)
596,5.0,50.25,-4.217,9,58.30908001,12.58333,ZP,-9999,-9999,355.783,5.0,POINT (-4.217 50.25)
597,5.0,50.25,-4.217,10,39.57104705,2.97896,ZP,-9999,-9999,355.783,5.0,POINT (-4.217 50.25)
598,5.0,50.25,-4.217,10,25.44804348,4.86248,ZP,-9999,-9999,355.783,5.0,POINT (-4.217 50.25)
599,5.0,50.25,-4.217,10,25.7714327,4.2094,ZP,-9999,-9999,355.783,5.0,POINT (-4.217 50.25)
600,5.0,50.25,-4.217,11,15.333386,2.66928,ZP,-9999,-9999,355.783,5.0,POINT (-4.217 50.25)
601,5.0,50.25,-4.217,11,18.8058037,16.57922,ZP,-9999,-9999,355.783,5.0,POINT (-4.217 50.25)
602,5.0,50.25,-4.217,11,18.609509,1.60152,ZP,-9999,-9999,355.783,5.0,POINT (-4.217 50.25)
603,5.0,50.25,-4.217,11,14.67100709,9.540517078,ZP,-9999,-9999,355.783,5.0,POINT (-4.217 50.25)
604,5.0,50.25,-4.217,12,8.906219,0.83672,ZP,-9999,-9999,355.783,5.0,POINT (-4.217 50.25)
605,5.0,50.25,-4.217,12,5.779909,1.48928,ZP,-9999,-9999,355.783,5.0,POINT (-4.217 50.25)
606,5.0,50.25,-4.217,12,8.389405,0.412469269,ZP,-9999,-9999,355.783,5.0,POINT (-4.217 50.25)
607,5.0,50.25,-4.217,1,4.788932,0.562309269,ZP,-9999,-9999,355.783,5.0,POINT (-4.217 50.25)
608,5.0,50.25,-4.217,1,5.804823,1.00288,ZP,-9999,-9999,355.783,5.0,POINT (-4.217 50.25)
609,5.0,50.25,-4.217,1,5.405034,1.52258,ZP,-9999,-9999,355.783,5.0,POINT (-4.217 50.25)
610,5.0,50.25,-4.217,1,3.185654,0.26392,ZP,-9999,-9999,355.783,5.0,POINT (-4.217 50.25)
611,5.0,50.25,-4.217,2,7.793806,1.51711,ZP,-9999,-9999,355.783,5.0,POINT (-4.217 50.25)
612,5.0,50.25,-4.217,2,4.828144,0.64204,ZP,-9999,-9999,355.783,5.0,POINT (-4.217 50.25)
613,5.0,50.25,-4.217,2,5.443662,9.0426,ZP,-9999,-9999,355.783,5.0,POINT (-4.217 50.25)
614,5.0,50.25,-4.217,2,5.774296,1.01272,ZP,-9999,-9999,355.783,5.0,POINT (-4.217 50.25)
615,5.0,50.25,-4.217,3,8.078537697,6.88014,ZP,-9999,-9999,355.783,5.0,POINT (-4.217 50.25)
616,5.0,50.25,-4.217,3,20.545944,1.19706,ZP,-9999,-9999,355.783,5.0,POINT (-4.217 50.25)
617,5.0,50.25,-4.217,3,13.9030297,1.79696,ZP,-9999,-9999,355.783,5.0,POINT (-4.217 50.25)
618,5.0,50.25,-4.217,3,18.122446,11.65798,ZP,-9999,-9999,355.783,5.0,POINT (-4.217 50.25)
619,5.0,50.25,-4.217,4,28.38197366,28.54203,ZP,-9999,-9999,355.783,5.0,POINT (-4.217 50.25)
620,5.0,50.25,-4.217,4,159.7184267,4.90332,ZP,-9999,-9999,355.783,5.0,POINT (-4.217 50.25)
621,5.0,50.25,-4.217,4,167.9471173,1.81486,ZP,-9999,-9999,355.783,5.0,POINT (-4.217 50.25)
622,5.0,50.25,-4.217,4,96.653541,19.05841,ZP,-9999,-9999,355.783,5.0,POINT (-4.217 50.25)
623,5.0,50.25,-4.217,5,17.132,8.99859615,ZP,-9999,-9999,355.783,5.0,POINT (-4.217 50.25)
624,5.0,50.25,-4.217,5,32.75614694,2.05173,ZP,-9999,-9999,355.783,5.0,POINT (-4.217 50.25)
625,5.0,50.25,-4.217,5,96.19273431,5.2338,ZP,-9999,-9999,355.783,5.0,POINT (-4.217 50.25)
626,5.0,50.25,-4.217,5,99.68802638,11.6477,ZP,-9999,-9999,355.783,5.0,POINT (-4.217 50.25)
627,5.0,50.25,-4.217,6,66.59574523,5.5846,ZP,-9999,-9999,355.783,5.0,POINT (-4.217 50.25)
628,5.0,50.25,-4.217,6,104.8195205,3.41724,ZP,-9999,-9999,355.783,5.0,POINT (-4.217 50.25)
629,5.0,50.25,-4.217,6,78.94789526,6.00372,ZP,-9999,-9999,355.783,5.0,POINT (-4.217 50.25)
630,5.0,50.25,-4.217,6,44.91605845,10.66573,ZP,-9999,-9999,355.783,5.0,POINT (-4.217 50.25)
631,5.0,50.25,-4.217,7,21.94781316,23.22709,ZP,-9999,-9999,355.783,5.0,POINT (-4.217 50.25)
632,5.0,50.25,-4.217,7,43.98795063,212.78672,ZP,-9999,-9999,355.783,5.0,POINT (-4.217 50.25)
633,5.0,50.25,-4.217,7,80.32275448,25.53474,ZP,-9999,-9999,355.783,5.0,POINT (-4.217 50.25)
634,5.0,50.25,-4.217,7,38.33925441,8.02124,ZP,-9999,-9999,355.783,5.0,POINT (-4.217 50.25)
635,5.0,50.25,-4.217,8,181.1508924,39.71195,ZP,-9999,-9999,355.783,5.0,POINT (-4.217 50.25)
636,5.0,50.25,-4.217,8,69.80816069,16.13557038,ZP,-9999,-9999,355.783,5.0,POINT (-4.217 50.25)
637,5.0,50.25,-4.217,8,46.7303841,10.26259679,ZP,-9999,-9999,355.783,5.0,POINT (-4.217 50.25)
638,5.0,50.25,-4.217,8,37.83586281,9.92712,ZP,-9999,-9999,355.783,5.0,POINT (-4.217 50.25)
639,5.0,50.25,-4.217,9,39.05630169,21.18471,ZP,-9999,-9999,355.783,5.0,POINT (-4.217 50.25)
640,5.0,50.25,-4.217,9,82.21867301,6.88749,ZP,-9999,-9999,355.783,5.0,POINT (-4.217 50.25)
641,5.0,50.25,-4.217,9,32.33909935,20.44977,ZP,-9999,-9999,355.783,5.0,POINT (-4.217 50.25)
642,5.0,50.25,-4.217,9,43.948995,9.75472,ZP,-9999,-9999,355.783,5.0,POINT (-4.217 50.25)
643,5.0,50.25,-4.217,10,22.33997678,0.37376,ZP,-9999,-9999,355.783,5.0,POINT (-4.217 50.25)
644,5.0,50.25,-4.217,10,17.579828,21.63344,ZP,-9999,-9999,355.783,5.0,POINT (-4.217 50.25)
645,5.0,50.25,-4.217,10,11.66222607,0.44795,ZP,-9999,-9999,355.783,5.0,POINT (-4.217 50.25)
646,5.0,50.25,-4.217,11,13.683143,2.00429,ZP,-9999,-9999,355.783,5.0,POINT (-4.217 50.25)
647,5.0,50.25,-4.217,11,10.1220485,7.17308,ZP,-9999,-9999,355.783,5.0,POINT (-4.217 50.25)
648,5.0,50.25,-4.217,11,9.131069,0.9139,ZP,-9999,-9999,355.783,5.0,POINT (-4.217 50.25)
649,5.0,50.25,-4.217,11,12.362098,1.672989269,ZP,-9999,-9999,355.783,5.0,POINT (-4.217 50.25)
650,5.0,50.25,-4.217,11,15.068235,0.69736,ZP,-9999,-9999,355.783,5.0,POINT (-4.217 50.25)
651,5.0,50.25,-4.217,12,15.81416919,0.47016,ZP,-9999,-9999,355.783,5.0,POINT (-4.217 50.25)
652,5.0,50.25,-4.217,12,12.40149156,0.504709269,ZP,-9999,-9999,355.783,5.0,POINT (-4.217 50.25)
653,5.0,50.25,-4.217,1,16.585446,0.61288,ZP,-9999,-9999,355.783,5.0,POINT (-4.217 50.25)
654,5.0,50.25,-4.217,1,15.36045336,0.33381,ZP,-9999,-9999,355.783,5.0,POINT (-4.217 50.25)
655,5.0,50.25,-4.217,1,11.06915955,0.45336,ZP,-9999,-9999,355.783,5.0,POINT (-4.217 50.25)
656,5.0,50.25,-4.217,1,13.37806557,1.26769,ZP,-9999,-9999,355.783,5.0,POINT (-4.217 50.25)
657,5.0,50.25,-4.217,2,19.20776399,0.78532,ZP,-9999,-9999,355.783,5.0,POINT (-4.217 50.25)
658,5.0,50.25,-4.217,2,17.09992258,1.28786,ZP,-9999,-9999,355.783,5.0,POINT (-4.217 50.25)
659,5.0,50.25,-4.217,2,13.76296135,2.69416,ZP,-9999,-9999,355.783,5.0,POINT (-4.217 50.25)
660,5.0,50.25,-4.217,2,12.434725,1.86424,ZP,-9999,-9999,355.783,5.0,POINT (-4.217 50.25)
661,5.0,50.25,-4.217,3,29.688547,5.298,ZP,-9999,-9999,355.783,5.0,POINT (-4.217 50.25)
662,5.0,50.25,-4.217,3,8.972636,5.6116,ZP,-9999,-9999,355.783,5.0,POINT (-4.217 50.25)
663,5.0,50.25,-4.217,3,20.780531,5.80775,ZP,-9999,-9999,355.783,5.0,POINT (-4.217 50.25)
664,5.0,50.25,-4.217,4,17.17245039,10.44164,ZP,-9999,-9999,355.783,5.0,POINT (-4.217 50.25)
665,5.0,50.25,-4.217,4,54.289755,6.73838,ZP,-9999,-9999,355.783,5.0,POINT (-4.217 50.25)
666,5.0,50.25,-4.217,4,20.86244466,20.35330011,ZP,-9999,-9999,355.783,5.0,POINT (-4.217 50.25)
667,5.0,50.25,-4.217,5,57.40971445,6.53031,ZP,-9999,-9999,355.783,5.0,POINT (-4.217 50.25)
668,5.0,50.25,-4.217,5,62.750054,11.97026,ZP,-9999,-9999,355.783,5.0,POINT (-4.217 50.25)
669,5.0,50.25,-4.217,5,40.901187,14.79132,ZP,-9999,-9999,355.783,5.0,POINT (-4.217 50.25)
670,5.0,50.25,-4.217,5,125.582045,14.82266,ZP,-9999,-9999,355.783,5.0,POINT (-4.217 50.25)
671,5.0,50.25,-4.217,5,17.32251373,34.21923,ZP,-9999,-9999,355.783,5.0,POINT (-4.217 50.25)
672,5.0,50.25,-4.217,6,27.5463241,9.68576,ZP,-9999,-9999,355.783,5.0,POINT (-4.217 50.25)
673,5.0,50.25,-4.217,6,104.1168584,11.50401,ZP,-9999,-9999,355.783,5.0,POINT (-4.217 50.25)
674,5.0,50.25,-4.217,6,51.25415337,17.73326,ZP,-9999,-9999,355.783,5.0,POINT (-4.217 50.25)
675,5.0,50.25,-4.217,6,53.60146833,11.01254,ZP,-9999,-9999,355.783,5.0,POINT (-4.217 50.25)
676,5.0,50.25,-4.217,7,65.34803726,16.10328,ZP,-9999,-9999,355.783,5.0,POINT (-4.217 50.25)
677,5.0,50.25,-4.217,7,43.65318108,16.49706,ZP,-9999,-9999,355.783,5.0,POINT (-4.217 50.25)
678,5.0,50.25,-4.217,7,55.76727728,34.50728,ZP,-9999,-9999,355.783,5.0,POINT (-4.217 50.25)
679,5.0,50.25,-4.217,7,110.1704383,13.79533,ZP,-9999,-9999,355.783,5.0,POINT (-4.217 50.25)
680,5.0,50.25,-4.217,8,81.74294523,3.07053,ZP,-9999,-9999,355.783,5.0,POINT (-4.217 50.25)
681,5.0,50.25,-4.217,8,55.84425856,18.71647,ZP,-9999,-9999,355.783,5.0,POINT (-4.217 50.25)
682,5.0,50.25,-4.217,9,39.93130859,1.40824,ZP,-9999,-9999,355.783,5.0,POINT (-4.217 50.25)
683,5.0,50.25,-4.217,9,43.37991729,43.99926038,ZP,-9999,-9999,355.783,5.0,POINT (-4.217 50.25)
684,5.0,50.25,-4.217,9,33.2565535,4.067644541,ZP,-9999,-9999,355.783,5.0,POINT (-4.217 50.25)
685,5.0,50.25,-4.217,10,9.207658741,0.51968,ZP,-9999,-9999,355.783,5.0,POINT (-4.217 50.25)
686,5.0,50.25,-4.217,10,9.950896,1.01472,ZP,-9999,-9999,355.783,5.0,POINT (-4.217 50.25)
687,5.0,50.25,-4.217,11,11.075264,3.194,ZP,-9999,-9999,355.783,5.0,POINT (-4.217 50.25)
688,5.0,50.25,-4.217,11,4.483224,0.29304,ZP,-9999,-9999,355.783,5.0,POINT (-4.217 50.25)
689,5.0,50.25,-4.217,11,3.649009,0.9996,ZP,-9999,-9999,355.783,5.0,POINT (-4.217 50.25)
690,5.0,50.25,-4.217,12,3.064596,0.26549,ZP,-9999,-9999,355.783,5.0,POINT (-4.217 50.25)
691,5.0,50.25,-4.217,1,6.232068,0.07368,ZP,-9999,-9999,355.783,5.0,POINT (-4.217 50.25)
692,5.0,50.25,-4.217,1,4.344474,2.22977,ZP,-9999,-9999,355.783,5.0,POINT (-4.217 50.25)
693,5.0,50.25,-4.217,2,4.466394,1.38736,ZP,-9999,-9999,355.783,5.0,POINT (-4.217 50.25)
694,5.0,50.25,-4.217,2,11.097381,1.12426,ZP,-9999,-9999,355.783,5.0,POINT (-4.217 50.25)
695,5.0,50.25,-4.217,2,6.164336,1.60334,ZP,-9999,-9999,355.783,5.0,POINT (-4.217 50.25)
696,5.0,50.25,-4.217,2,5.617008,1.44339,ZP,-9999,-9999,355.783,5.0,POINT (-4.217 50.25)
697,5.0,50.25,-4.217,3,5.009278,0.218,ZP,-9999,-9999,355.783,5.0,POINT (-4.217 50.25)
698,5.0,50.25,-4.217,3,4.49338,5.75296,ZP,-9999,-9999,355.783,5.0,POINT (-4.217 50.25)
699,5.0,50.25,-4.217,4,9.128659697,4.40656,ZP,-9999,-9999,355.783,5.0,POINT (-4.217 50.25)
700,5.0,50.25,-4.217,4,5.061934,2.068,ZP,-9999,-9999,355.783,5.0,POINT (-4.217 50.25)
701,5.0,50.25,-4.217,4,43.53745185,9.06666,ZP,-9999,-9999,355.783,5.0,POINT (-4.217 50.25)
702,5.0,50.25,-4.217,4,122.2715421,4.0128,ZP,-9999,-9999,355.783,5.0,POINT (-4.217 50.25)
703,5.0,50.25,-4.217,4,210.0407649,4.99506,ZP,-9999,-9999,355.783,5.0,POINT (-4.217 50.25)
704,5.0,50.25,-4.217,5,130.2290267,3.3547,ZP,-9999,-9999,355.783,5.0,POINT (-4.217 50.25)
705,5.0,50.25,-4.217,5,48.86106051,3.42316,ZP,-9999,-9999,355.783,5.0,POINT (-4.217 50.25)
706,5.0,50.25,-4.217,5,39.285342,0.53272,ZP,-9999,-9999,355.783,5.0,POINT (-4.217 50.25)
707,5.0,50.25,-4.217,5,15.31609526,21.36669,ZP,-9999,-9999,355.783,5.0,POINT (-4.217 50.25)
708,5.0,50.25,-4.217,6,64.6308844,30.20425,ZP,-9999,-9999,355.783,5.0,POINT (-4.217 50.25)
709,5.0,50.25,-4.217,6,88.563074,9.18201,ZP,-9999,-9999,355.783,5.0,POINT (-4.217 50.25)
710,5.0,50.25,-4.217,6,18.23631598,6.05564,ZP,-9999,-9999,355.783,5.0,POINT (-4.217 50.25)
711,5.0,50.25,-4.217,7,50.64254,11.32852,ZP,-9999,-9999,355.783,5.0,POINT (-4.217 50.25)
712,5.0,50.25,-4.217,7,45.39019208,27.53859,ZP,-9999,-9999,355.783,5.0,POINT (-4.217 50.25)
713,5.0,50.25,-4.217,7,48.94640924,14.54396,ZP,-9999,-9999,355.783,5.0,POINT (-4.217 50.25)
714,5.0,50.25,-4.217,7,78.529954,15.31309,ZP,-9999,-9999,355.783,5.0,POINT (-4.217 50.25)
715,5.0,50.25,-4.217,7,79.41935941,67.60465,ZP,-9999,-9999,355.783,5.0,POINT (-4.217 50.25)
716,5.0,50.25,-4.217,8,23.55002983,6.48593,ZP,-9999,-9999,355.783,5.0,POINT (-4.217 50.25)
717,5.0,50.25,-4.217,8,50.85003763,11.78741,ZP,-9999,-9999,355.783,5.0,POINT (-4.217 50.25)
718,5.0,50.25,-4.217,8,56.024508,17.12275,ZP,-9999,-9999,355.783,5.0,POINT (-4.217 50.25)
719,5.0,50.25,-4.217,9,245.5473251,20.65176,ZP,-9999,-9999,355.783,5.0,POINT (-4.217 50.25)
720,5.0,50.25,-4.217,9,122.0694162,2.7544,ZP,-9999,-9999,355.783,5.0,POINT (-4.217 50.25)
721,5.0,50.25,-4.217,9,22.14352407,10.03103,ZP,-9999,-9999,355.783,5.0,POINT (-4.217 50.25)
722,5.0,50.25,-4.217,9,23.67639496,4.99938,ZP,-9999,-9999,355.783,5.0,POINT (-4.217 50.25)
723,5.0,50.25,-4.217,10,23.819622,11.16107708,ZP,-9999,-9999,355.783,5.0,POINT (-4.217 50.25)
724,5.0,50.25,-4.217,10,16.925776,2.45763,ZP,-9999,-9999,355.783,5.0,POINT (-4.217 50.25)
725,5.0,50.25,-4.217,10,24.337275,13.86447416,ZP,-9999,-9999,355.783,5.0,POINT (-4.217 50.25)
772,10.0,61.16,-25.434,5,30.41228753,12.74464186,ZP,-9999,-9999,334.566,15.0,POINT (-25.434 61.16)
773,10.0,63.744,-37.493,5,194.8726807,16.33924492,ZP,-9999,-9999,322.507,15.0,POINT (-37.493 63.744)
774,10.0,65.338,-33.607,5,76.51704384,14.42465179,ZP,-9999,-9999,326.39300000000003,15.0,POINT (-33.607 65.338)
775,10.0,64.96,-32.506,5,13.13938028,18.54302209,ZP,-9999,-9999,327.494,15.0,POINT (-32.506 64.96)
776,10.0,64.181,-31.492,5,4.404134074,37.52986905,ZP,-9999,-9999,328.508,15.0,POINT (-31.492 64.181)
777,10.0,63.286,-30.406,5,7.242798976,20.30080336,ZP,-9999,-9999,329.594,15.0,POINT (-30.406 63.286)
778,10.0,62.65,-29.25,5,7.772364642,33.64775682,ZP,-9999,-9999,330.75,15.0,POINT (-29.25 62.65)
779,10.0,61.686,-27.046,5,26.55516215,38.22962343,ZP,-9999,-9999,332.954,15.0,POINT (-27.046 61.686)
780,8.0,41.283,-72.033,2,333.7453213,9.182192223,ZP,-9999,-9999,287.967,15.0,POINT (-72.033 41.283)
781,8.0,41.283,-72.033,2,220.247703,3.735182613,ZP,-9999,-9999,287.967,15.0,POINT (-72.033 41.283)
782,8.0,41.283,-72.033,2,244.9086861,6.516708436,ZP,-9999,-9999,287.967,15.0,POINT (-72.033 41.283)
783,8.0,41.283,-72.033,2,93.93279191,3.051342601,ZP,-9999,-9999,287.967,15.0,POINT (-72.033 41.283)
784,8.0,41.283,-72.033,3,45.31168281,0.812691462,ZP,-9999,-9999,287.967,15.0,POINT (-72.033 41.283)
785,8.0,41.283,-72.033,3,50.57608693,4.789222924,ZP,-9999,-9999,287.967,15.0,POINT (-72.033 41.283)
786,8.0,41.283,-72.033,3,19.06450378,2.629053733,ZP,-9999,-9999,287.967,15.0,POINT (-72.033 41.283)
787,5.0,66.0,2.0,3,2.994532933,1.470988326,ZP,-9999,-9999,2.0,5.0,POINT (2 66)
788,5.0,66.0,2.0,3,3.536036121,1.00542264,ZP,-9999,-9999,2.0,5.0,POINT (2 66)
789,5.0,66.0,2.0,3,2.839043987,1.859528858,ZP,-9999,-9999,2.0,5.0,POINT (2 66)
790,5.0,66.0,2.0,4,2.785887042,0.718596351,ZP,-9999,-9999,2.0,5.0,POINT (2 66)
791,5.0,66.0,2.0,4,2.556042273,0.240211065,ZP,-9999,-9999,2.0,5.0,POINT (2 66)
792,5.0,66.0,2.0,4,2.181193332,7.663391855,ZP,-9999,-9999,2.0,5.0,POINT (2 66)
793,5.0,66.0,2.0,4,1.793036101,0.519035285,ZP,-9999,-9999,2.0,5.0,POINT (2 66)
794,5.0,66.0,2.0,4,2.120977453,4.61721213,ZP,-9999,-9999,2.0,5.0,POINT (2 66)
795,5.0,66.0,2.0,4,1.264125076,0.334418384,ZP,-9999,-9999,2.0,5.0,POINT (2 66)
796,5.0,66.0,2.0,5,1.550665744,0.467497949,ZP,-9999,-9999,2.0,5.0,POINT (2 66)
797,5.0,66.0,2.0,5,2.315497587,0.352461331,ZP,-9999,-9999,2.0,5.0,POINT (2 66)
798,5.0,66.0,2.0,5,88.63503145,1.896217683,ZP,-9999,-9999,2.0,5.0,POINT (2 66)
799,5.0,66.0,2.0,5,69.57954402,9.994201836,ZP,-9999,-9999,2.0,5.0,POINT (2 66)
800,5.0,66.0,2.0,5,10.34357498,7.58257872,ZP,-9999,-9999,2.0,5.0,POINT (2 66)
801,5.0,66.0,2.0,5,12.30565792,0.788617417,ZP,-9999,-9999,2.0,5.0,POINT (2 66)
802,5.0,66.0,2.0,6,15.90845767,0.750401598,ZP,-9999,-9999,2.0,5.0,POINT (2 66)
803,5.0,66.0,2.0,6,13.24698418,3.50390213,ZP,-9999,-9999,2.0,5.0,POINT (2 66)
804,5.0,66.0,2.0,6,13.5590464,0.181760533,ZP,-9999,-9999,2.0,5.0,POINT (2 66)
805,5.0,66.0,2.0,6,10.33745816,0.616920533,ZP,-9999,-9999,2.0,5.0,POINT (2 66)
806,5.0,44.667,-124.167,5,26.55185782,26.27832157,ZP,-9999,-9999,235.833,5.0,POINT (-124.167 44.667)
807,5.0,44.667,-124.167,6,17.33467356,5.141200112,ZP,-9999,-9999,235.833,5.0,POINT (-124.167 44.667)
808,5.0,44.667,-124.167,6,152.9375847,24.20464766,ZP,-9999,-9999,235.833,5.0,POINT (-124.167 44.667)
809,5.0,44.667,-124.167,7,226.1918269,12.40832011,ZP,-9999,-9999,235.833,5.0,POINT (-124.167 44.667)
810,5.0,44.667,-124.167,7,409.1780805,5.557140112,ZP,-9999,-9999,235.833,5.0,POINT (-124.167 44.667)
811,5.0,44.667,-124.167,9,72.07326768,5.82832,ZP,-9999,-9999,235.833,5.0,POINT (-124.167 44.667)
812,5.0,44.667,-124.167,6,23.1665932,0.881640112,ZP,-9999,-9999,235.833,5.0,POINT (-124.167 44.667)
813,5.0,62.473,-15.95,5,38.97399664,7.7625496,ZP,-9999,-9999,344.05,5.0,POINT (-15.95 62.473)
814,5.0,62.897,-16.276,5,41.51774905,5.134471374,ZP,-9999,-9999,343.724,5.0,POINT (-16.276 62.897)
815,5.0,61.648,-15.219,5,14.42696056,3.172377739,ZP,-9999,-9999,344.781,5.0,POINT (-15.219 61.648)
816,5.0,63.492,-11.667,5,41.31797824,6.036665167,ZP,-9999,-9999,348.333,5.0,POINT (-11.667 63.492)
817,5.0,63.088,-21.292,5,122.7864367,3.907958262,ZP,-9999,-9999,338.70799999999997,5.0,POINT (-21.292 63.088)
818,5.0,60.083,-19.844,5,24.00517308,12.83592392,ZP,-9999,-9999,340.156,5.0,POINT (-19.844 60.083)
819,5.0,65.013,-10.284,5,15.31455006,4.700771674,ZP,-9999,-9999,349.716,5.0,POINT (-10.284 65.013)
820,5.0,60.34,-12.007,5,7.408394017,3.523671039,ZP,-9999,-9999,347.993,5.0,POINT (-12.007 60.34)
821,5.0,62.88,-22.138,5,36.57558649,5.054901129,ZP,-9999,-9999,337.862,5.0,POINT (-22.138 62.88)
822,5.0,61.24,-16.608,5,7.93928053,5.120358585,ZP,-9999,-9999,343.392,5.0,POINT (-16.608 61.24)
823,5.0,63.54,-8.389,5,55.9628367,7.34985368,ZP,-9999,-9999,351.611,5.0,POINT (-8.389 63.54)
824,5.0,63.961,-8.402,5,68.50566229,27.76334976,ZP,-9999,-9999,351.598,5.0,POINT (-8.402 63.961)
825,5.0,60.652,-21.328,5,49.90419564,10.71547259,ZP,-9999,-9999,338.672,5.0,POINT (-21.328 60.652)
826,5.0,63.213,-19.99,5,45.74097505,9.248313688,ZP,-9999,-9999,340.01,5.0,POINT (-19.99 63.213)
827,5.0,63.118,-8.376,5,22.76762734,5.077886375,ZP,-9999,-9999,351.624,5.0,POINT (-8.376 63.118)
828,5.0,60.959,-17.383,5,8.56552566,4.303172259,ZP,-9999,-9999,342.617,5.0,POINT (-17.383 60.959)
829,5.0,63.324,-11.896,5,156.1473989,17.02023142,ZP,-9999,-9999,348.104,5.0,POINT (-11.896 63.324)
830,5.0,65.435,-9.922,5,44.03592268,18.43337332,ZP,-9999,-9999,350.078,5.0,POINT (-9.922 65.435)
831,5.0,60.49,-19.988,5,33.80363038,17.94637356,ZP,-9999,-9999,340.012,5.0,POINT (-19.988 60.49)
832,5.0,64.371,-8.461,5,32.3921676,11.56699687,ZP,-9999,-9999,351.539,5.0,POINT (-8.461 64.371)
833,5.0,61.987,-25.504,5,34.864852,8.038159851,ZP,-9999,-9999,334.496,5.0,POINT (-25.504 61.987)
834,5.0,61.191,-22.946,5,20.85300026,13.95126036,ZP,-9999,-9999,337.054,5.0,POINT (-22.946 61.191)
835,5.0,63.762,-11.474,5,30.84315285,6.146798513,ZP,-9999,-9999,348.526,5.0,POINT (-11.474 63.762)
836,5.0,62.669,-22.998,5,17.41804111,6.24599217,ZP,-9999,-9999,337.002,5.0,POINT (-22.998 62.669)
837,5.0,62.473,-15.95,5,0.0,0.0,ZP,-9999,-9999,344.05,5.0,POINT (-15.95 62.473)
838,4.5,55.763,-1.933,7,32.67643073,1.340025491,ZP,-9999,-9999,358.067,5.0,POINT (-1.933 55.763)
839,4.2,55.912,-1.587,4,12.87078214,0.984946496,ZP,-9999,-9999,358.413,5.0,POINT (-1.587 55.912)
840,3.5,55.534,-1.336,10,5.457092349,1.352766765,ZP,-9999,-9999,358.664,5.0,POINT (-1.336 55.534)
841,3.4,54.934,-1.317,7,2.995614822,0.308944765,ZP,-9999,-9999,358.683,5.0,POINT (-1.317 54.934)
842,4.1,54.931,-1.308,4,8.351619519,3.693049286,ZP,-9999,-9999,358.692,5.0,POINT (-1.308 54.931)
843,3.7,54.699,-1.107,4,15.24713628,3.60547306,ZP,-9999,-9999,358.893,5.0,POINT (-1.107 54.699)
844,4.3,55.494,-1.07,6,23.03463055,5.139859414,ZP,-9999,-9999,358.93,5.0,POINT (-1.07 55.494)
845,3.7,55.206,-1.031,6,14.70097423,3.167792718,ZP,-9999,-9999,358.969,5.0,POINT (-1.031 55.206)
846,3.4,54.572,-0.722,10,5.075439516,0.359759342,ZP,-9999,-9999,359.278,5.0,POINT (-0.722 54.572)
847,3.7,54.754,-0.312,10,2.521022749,0.15608459,ZP,-9999,-9999,359.688,5.0,POINT (-0.312 54.754)
848,3.2,54.201,-0.155,7,18.93116661,0.071812621,ZP,-9999,-9999,359.845,5.0,POINT (-0.155 54.201)
849,4.0,53.856,-0.032,4,2.130403266,0.168169399,ZP,-9999,-9999,359.968,5.0,POINT (-0.032 53.856)
850,4.1,53.8,0.06,7,6.219032938,0.552909297,ZP,-9999,-9999,0.06,5.0,POINT (0.06 53.8)
851,3.8,53.829,0.143,10,1.519314343,0.036254428,ZP,-9999,-9999,0.143,5.0,POINT (0.143 53.829)
852,3.6,53.73,0.145,10,2.962710326,0.154404516,ZP,-9999,-9999,0.145,5.0,POINT (0.145 53.73)
853,4.9,53.636,0.174,7,4.565503191,2.048041951,ZP,-9999,-9999,0.174,5.0,POINT (0.174 53.636)
854,4.8,54.128,0.227,4,10.17925077,0.203585133,ZP,-9999,-9999,0.227,5.0,POINT (0.227 54.128)
855,3.9,53.743,0.227,10,3.147598082,2.539957664,ZP,-9999,-9999,0.227,5.0,POINT (0.227 53.743)
856,4.7,54.124,0.233,7,3.803971272,0.227754752,ZP,-9999,-9999,0.233,5.0,POINT (0.233 54.124)
857,3.8,53.966,0.299,6,3.220974472,0.15245448,ZP,-9999,-9999,0.299,5.0,POINT (0.299 53.966)
858,4.1,53.76,0.314,6,5.006477215,0.257941975,ZP,-9999,-9999,0.314,5.0,POINT (0.314 53.76)
859,4.6,53.309,0.36,4,389.4483532,1.662881029,ZP,-9999,-9999,0.36,5.0,POINT (0.36 53.309)
860,3.2,52.989,0.4,7,27.30054858,2.544077011,ZP,-9999,-9999,0.4,5.0,POINT (0.4 52.989)
861,3.1,53.324,0.413,7,6.78878344,2.18352214,ZP,-9999,-9999,0.413,5.0,POINT (0.413 53.324)
862,3.9,53.321,0.42,6,187.5932676,1.780301441,ZP,-9999,-9999,0.42,5.0,POINT (0.42 53.321)
863,3.6,53.957,0.422,10,29.10129933,19.15060826,ZP,-9999,-9999,0.422,5.0,POINT (0.422 53.957)
864,3.8,53.36,0.467,4,301.2388403,0.973206966,ZP,-9999,-9999,0.467,5.0,POINT (0.467 53.36)
865,4.6,53.251,0.651,7,262.3263792,1.075433024,ZP,-9999,-9999,0.651,5.0,POINT (0.651 53.251)
866,3.8,53.244,0.653,4,19.51739564,3.717596087,ZP,-9999,-9999,0.653,5.0,POINT (0.653 53.244)
867,3.7,53.252,0.656,4,14.37641133,10.47653074,ZP,-9999,-9999,0.656,5.0,POINT (0.656 53.252)
868,4.1,53.256,0.657,6,328.6833799,1.482199467,ZP,-9999,-9999,0.657,5.0,POINT (0.657 53.256)
869,4.0,53.73,0.657,7,18.0328205,4.631943369,ZP,-9999,-9999,0.657,5.0,POINT (0.657 53.73)
870,3.7,53.521,0.685,6,4.025606391,0.224541898,ZP,-9999,-9999,0.685,5.0,POINT (0.685 53.521)
871,3.9,53.314,0.702,6,5.815303011,1.765251213,ZP,-9999,-9999,0.702,5.0,POINT (0.702 53.314)
872,3.0,53.4,0.779,7,7.056309624,0.012084809,ZP,-9999,-9999,0.779,5.0,POINT (0.779 53.4)
873,4.1,53.632,0.86,6,16.79028583,1.373437122,ZP,-9999,-9999,0.86,5.0,POINT (0.86 53.632)
874,3.6,53.083,0.939,10,34.49120833,22.16833238,ZP,-9999,-9999,0.939,5.0,POINT (0.939 53.083)
875,3.8,53.656,0.959,4,12.59798212,40.43618421,ZP,-9999,-9999,0.959,5.0,POINT (0.959 53.656)
876,3.4,53.655,0.965,7,23.08545953,67.8952602,ZP,-9999,-9999,0.965,5.0,POINT (0.965 53.655)
877,4.6,53.081,0.986,4,38.38872254,5.960964297,ZP,-9999,-9999,0.986,5.0,POINT (0.986 53.081)
878,4.0,53.081,0.988,4,4.850843363,24.64184887,ZP,-9999,-9999,0.988,5.0,POINT (0.988 53.081)
879,4.1,53.093,1.138,6,6.462801926,2.530811384,ZP,-9999,-9999,1.138,5.0,POINT (1.138 53.093)
880,3.6,52.899,1.514,4,15.5259212,3.260316034,ZP,-9999,-9999,1.514,5.0,POINT (1.514 52.899)
881,3.2,52.95,1.84,7,85.20431583,6.656655965,ZP,-9999,-9999,1.84,5.0,POINT (1.84 52.95)
882,5.0,59.17,-20.0,6,99.14492796,1.125662384,ZP,-9999,-9999,340.0,5.0,POINT (-20 59.17)
883,10.0,59.17,-20.0,6,81.0275489,1.884043585,ZP,-9999,-9999,340.0,15.0,POINT (-20 59.17)
884,20.0,59.17,-20.0,6,126.879322,0.696855487,ZP,-9999,-9999,340.0,27.5,POINT (-20 59.17)
885,30.0,59.17,-20.0,6,65.30010169,0.497490361,ZP,-9999,-9999,340.0,45.0,POINT (-20 59.17)
886,40.0,59.17,-20.0,6,37.72991733,0.602390177,ZP,-9999,-9999,340.0,45.0,POINT (-20 59.17)
887,50.0,59.17,-20.0,6,5.898351036,0.0,ZP,-9999,-9999,340.0,65.0,POINT (-20 59.17)
888,4.0,59.15,-20.09,6,100.6114862,3.198572151,ZP,-9999,-9999,339.91,5.0,POINT (-20.09 59.15)
889,10.0,59.15,-20.09,6,90.28665264,3.491604052,ZP,-9999,-9999,339.91,15.0,POINT (-20.09 59.15)
890,21.0,59.15,-20.09,6,138.6385345,1.496466797,ZP,-9999,-9999,339.91,27.5,POINT (-20.09 59.15)
891,31.0,59.15,-20.09,6,154.7420512,1.801792115,ZP,-9999,-9999,339.91,45.0,POINT (-20.09 59.15)
892,41.0,59.15,-20.09,6,132.6388451,1.041661376,ZP,-9999,-9999,339.91,45.0,POINT (-20.09 59.15)
893,51.0,59.15,-20.09,6,111.1401572,1.483936636,ZP,-9999,-9999,339.91,65.0,POINT (-20.09 59.15)
894,4.0,59.052,-20.091,6,115.9533863,4.123675178,ZP,-9999,-9999,339.909,5.0,POINT (-20.091 59.052)
895,11.0,59.052,-20.091,6,115.7439484,3.305423833,ZP,-9999,-9999,339.909,15.0,POINT (-20.091 59.052)
896,20.0,59.052,-20.091,6,105.5368773,1.222814007,ZP,-9999,-9999,339.909,27.5,POINT (-20.091 59.052)
897,31.0,59.052,-20.091,6,77.08441609,2.709490931,ZP,-9999,-9999,339.909,45.0,POINT (-20.091 59.052)
898,40.0,59.052,-20.091,6,41.67737034,1.904886614,ZP,-9999,-9999,339.909,45.0,POINT (-20.091 59.052)
899,3.0,59.145,-20.324,6,112.9208987,5.335835118,ZP,-9999,-9999,339.676,5.0,POINT (-20.324 59.145)
900,10.0,59.145,-20.324,6,127.2706836,4.55105562,ZP,-9999,-9999,339.676,15.0,POINT (-20.324 59.145)
901,20.0,59.145,-20.324,6,114.1532451,5.469053073,ZP,-9999,-9999,339.676,27.5,POINT (-20.324 59.145)
902,30.0,59.145,-20.324,6,149.1804489,1.016192725,ZP,-9999,-9999,339.676,45.0,POINT (-20.324 59.145)
903,41.0,59.145,-20.324,6,93.57626727,1.194334415,ZP,-9999,-9999,339.676,45.0,POINT (-20.324 59.145)
904,51.0,59.145,-20.324,6,40.24839314,2.181161025,ZP,-9999,-9999,339.676,65.0,POINT (-20.324 59.145)
905,4.0,59.135,-20.098,6,86.83671527,3.859566275,ZP,-9999,-9999,339.902,5.0,POINT (-20.098 59.135)
906,10.0,59.135,-20.098,6,70.74114386,3.287303502,ZP,-9999,-9999,339.902,15.0,POINT (-20.098 59.135)
907,20.0,59.135,-20.098,6,87.78933313,2.366105697,ZP,-9999,-9999,339.902,27.5,POINT (-20.098 59.135)
908,30.0,59.135,-20.098,6,126.5340426,2.684326874,ZP,-9999,-9999,339.902,45.0,POINT (-20.098 59.135)
909,41.0,59.135,-20.098,6,143.8449787,2.631524462,ZP,-9999,-9999,339.902,45.0,POINT (-20.098 59.135)
910,51.0,59.135,-20.098,6,46.227338,2.876908428,ZP,-9999,-9999,339.902,65.0,POINT (-20.098 59.135)
911,3.0,59.0,-20.025,6,143.3088612,5.452709722,ZP,-9999,-9999,339.975,5.0,POINT (-20.025 59)
912,11.0,59.0,-20.025,6,107.1764375,4.494749867,ZP,-9999,-9999,339.975,15.0,POINT (-20.025 59)
913,21.0,59.0,-20.025,6,115.7381865,3.625488817,ZP,-9999,-9999,339.975,27.5,POINT (-20.025 59)
914,30.0,59.0,-20.025,6,176.0979803,2.540680046,ZP,-9999,-9999,339.975,45.0,POINT (-20.025 59)
915,40.0,59.0,-20.025,6,154.79238,3.247197843,ZP,-9999,-9999,339.975,45.0,POINT (-20.025 59)
916,51.0,59.0,-20.025,6,108.7673058,2.660335768,ZP,-9999,-9999,339.975,65.0,POINT (-20.025 59)
917,3.0,59.062,-20.614,6,126.5066631,5.66489501,ZP,-9999,-9999,339.386,5.0,POINT (-20.614 59.062)
918,10.0,59.062,-20.614,6,118.7771106,4.643629144,ZP,-9999,-9999,339.386,15.0,POINT (-20.614 59.062)
919,19.43,59.062,-20.614,6,122.1245075,4.153914598,ZP,-9999,-9999,339.386,27.5,POINT (-20.614 59.062)
920,31.16,59.062,-20.614,6,45.7115337,3.079018742,ZP,-9999,-9999,339.386,45.0,POINT (-20.614 59.062)
921,40.77,59.062,-20.614,6,23.00519226,1.577832508,ZP,-9999,-9999,339.386,45.0,POINT (-20.614 59.062)
922,3.0,59.0798,-20.436,6,126.9799562,9.229354325,ZP,-9999,-9999,339.564,5.0,POINT (-20.436 59.0798)
923,10.0,59.0798,-20.436,6,132.5922798,5.370542689,ZP,-9999,-9999,339.564,15.0,POINT (-20.436 59.0798)
924,20.0,59.0798,-20.436,6,120.6607466,5.378596679,ZP,-9999,-9999,339.564,27.5,POINT (-20.436 59.0798)
925,30.0,59.0798,-20.436,6,143.9614295,7.229057138,ZP,-9999,-9999,339.564,45.0,POINT (-20.436 59.0798)
926,40.0,59.0798,-20.436,6,109.2316624,10.46898117,ZP,-9999,-9999,339.564,45.0,POINT (-20.436 59.0798)
927,3.0,59.18,-20.48,6,122.068185,5.97210325,ZP,-9999,-9999,339.52,5.0,POINT (-20.48 59.18)
928,11.0,59.18,-20.48,6,128.8805665,7.231649111,ZP,-9999,-9999,339.52,15.0,POINT (-20.48 59.18)
929,21.0,59.18,-20.48,6,137.1126266,5.716680308,ZP,-9999,-9999,339.52,27.5,POINT (-20.48 59.18)
930,30.0,59.18,-20.48,6,121.154962,9.669876539,ZP,-9999,-9999,339.52,45.0,POINT (-20.48 59.18)
931,51.0,59.18,-20.48,6,14.85841398,0.467754474,ZP,-9999,-9999,339.52,65.0,POINT (-20.48 59.18)
932,5.0,17.833,56.85,5,98.66295027,2.49767155,ZP,-9999,-9999,56.85,5.0,POINT (56.85 17.833)
933,10.0,17.833,56.85,5,93.32478213,2.575013765,ZP,-9999,-9999,56.85,15.0,POINT (56.85 17.833)
934,15.0,17.833,56.85,5,83.91791558,2.080824716,ZP,-9999,-9999,56.85,15.0,POINT (56.85 17.833)
935,25.0,17.833,56.85,5,10.49650629,2.934931613,ZP,-9999,-9999,56.85,27.5,POINT (56.85 17.833)
936,40.0,17.833,56.85,5,5.775248218,3.025572762,ZP,-9999,-9999,56.85,45.0,POINT (56.85 17.833)
937,5.0,17.833,56.85,6,54.97737284,4.508902861,ZP,-9999,-9999,56.85,5.0,POINT (56.85 17.833)
938,10.0,17.833,56.85,6,51.3538103,3.96571436,ZP,-9999,-9999,56.85,15.0,POINT (56.85 17.833)
939,15.0,17.833,56.85,6,40.3515413,2.119802501,ZP,-9999,-9999,56.85,15.0,POINT (56.85 17.833)
940,25.0,17.833,56.85,6,9.046974955,1.194141599,ZP,-9999,-9999,56.85,27.5,POINT (56.85 17.833)
941,40.0,17.833,56.85,6,4.35333233,0.59748208,ZP,-9999,-9999,56.85,45.0,POINT (56.85 17.833)
942,5.0,17.85,56.85,6,43.85949388,5.546598895,ZP,-9999,-9999,56.85,5.0,POINT (56.85 17.85)
943,10.0,17.85,56.85,6,41.98041457,4.401881303,ZP,-9999,-9999,56.85,15.0,POINT (56.85 17.85)
944,15.0,17.85,56.85,6,41.25403218,2.964006086,ZP,-9999,-9999,56.85,15.0,POINT (56.85 17.85)
945,20.0,17.85,56.85,6,20.91377561,4.326663574,ZP,-9999,-9999,56.85,27.5,POINT (56.85 17.85)
946,25.0,17.85,56.85,6,7.653525028,2.408835916,ZP,-9999,-9999,56.85,27.5,POINT (56.85 17.85)
947,30.0,17.85,56.85,6,12.32647601,1.542068001,ZP,-9999,-9999,56.85,45.0,POINT (56.85 17.85)
948,5.0,17.883,56.917,6,36.84697173,7.166927626,ZP,-9999,-9999,56.917,5.0,POINT (56.917 17.883)
949,10.0,17.883,56.917,6,38.979261,4.531790441,ZP,-9999,-9999,56.917,15.0,POINT (56.917 17.883)
950,15.0,17.883,56.917,6,27.30587051,7.507313096,ZP,-9999,-9999,56.917,15.0,POINT (56.917 17.883)
951,25.0,17.883,56.917,6,10.75624957,2.518369942,ZP,-9999,-9999,56.917,27.5,POINT (56.917 17.883)
952,30.0,17.883,56.917,6,5.40396719,1.428824063,ZP,-9999,-9999,56.917,45.0,POINT (56.917 17.883)
953,40.0,17.883,56.917,6,2.493802839,1.603239246,ZP,-9999,-9999,56.917,45.0,POINT (56.917 17.883)
954,5.0,17.883,56.95,6,14.76101002,2.653899992,ZP,-9999,-9999,56.95,5.0,POINT (56.95 17.883)
955,15.0,17.883,56.95,6,7.159480663,5.146337236,ZP,-9999,-9999,56.95,15.0,POINT (56.95 17.883)
956,25.0,17.883,56.95,6,7.961662571,5.232251616,ZP,-9999,-9999,56.95,27.5,POINT (56.95 17.883)
957,40.0,17.883,56.95,6,0.537307698,0.175856976,ZP,-9999,-9999,56.95,45.0,POINT (56.95 17.883)
958,60.0,17.883,56.95,6,2.738379529,2.37317766,ZP,-9999,-9999,56.95,65.0,POINT (56.95 17.883)
959,80.0,17.883,56.95,6,6.346241342,4.022017015,ZP,-9999,-9999,56.95,87.5,POINT (56.95 17.883)
960,5.0,17.95,57.2,6,11.57974924,4.897877514,ZP,-9999,-9999,57.2,5.0,POINT (57.2 17.95)
961,15.0,17.95,57.2,6,14.6383596,5.29413235,ZP,-9999,-9999,57.2,15.0,POINT (57.2 17.95)
962,25.0,17.95,57.2,6,9.689355386,6.783442984,ZP,-9999,-9999,57.2,27.5,POINT (57.2 17.95)
963,40.0,17.95,57.2,6,1.591621903,1.835083394,ZP,-9999,-9999,57.2,45.0,POINT (57.2 17.95)
964,60.0,17.95,57.2,6,1.617749303,1.275520765,ZP,-9999,-9999,57.2,65.0,POINT (57.2 17.95)
965,80.0,17.95,57.2,6,1.536541772,0.083571417,ZP,-9999,-9999,57.2,87.5,POINT (57.2 17.95)
966,100.0,17.95,57.2,6,0.423322082,0.123024276,ZP,-9999,-9999,57.2,117.5,POINT (57.2 17.95)
967,5.0,17.983,57.233,6,8.537465218,8.580359138,ZP,-9999,-9999,57.233,5.0,POINT (57.233 17.983)
968,15.0,17.983,57.233,6,6.223904405,6.807695977,ZP,-9999,-9999,57.233,15.0,POINT (57.233 17.983)
969,25.0,17.983,57.233,6,2.635899943,3.232939644,ZP,-9999,-9999,57.233,27.5,POINT (57.233 17.983)
970,40.0,17.983,57.233,6,1.132683295,0.759180352,ZP,-9999,-9999,57.233,45.0,POINT (57.233 17.983)
971,60.0,17.983,57.233,6,0.514987571,0.029956317,ZP,-9999,-9999,57.233,65.0,POINT (57.233 17.983)
972,80.0,17.983,57.233,6,0.553154816,0.272200867,ZP,-9999,-9999,57.233,87.5,POINT (57.233 17.983)
973,100.0,17.983,57.233,6,0.445652107,0.471812965,ZP,-9999,-9999,57.233,117.5,POINT (57.233 17.983)
974,5.0,18.183,57.317,6,21.92520529,6.474444736,ZP,-9999,-9999,57.317,5.0,POINT (57.317 18.183)
975,15.0,18.183,57.317,6,26.03755287,7.139479425,ZP,-9999,-9999,57.317,15.0,POINT (57.317 18.183)
976,25.0,18.183,57.317,6,8.709901605,6.209809245,ZP,-9999,-9999,57.317,27.5,POINT (57.317 18.183)
977,40.0,18.183,57.317,6,2.220797631,2.137068959,ZP,-9999,-9999,57.317,45.0,POINT (57.317 18.183)
978,60.0,18.183,57.317,6,0.493644567,0.328343753,ZP,-9999,-9999,57.317,65.0,POINT (57.317 18.183)
979,80.0,18.183,57.317,6,1.487212993,0.269045861,ZP,-9999,-9999,57.317,87.5,POINT (57.317 18.183)
980,100.0,18.183,57.317,6,0.56355308,0.59902334,ZP,-9999,-9999,57.317,117.5,POINT (57.317 18.183)
981,5.0,18.2,57.317,6,34.26635466,6.544735312,ZP,-9999,-9999,57.317,5.0,POINT (57.317 18.2)
982,15.0,18.2,57.317,6,8.627765392,3.704929236,ZP,-9999,-9999,57.317,15.0,POINT (57.317 18.2)
983,25.0,18.2,57.317,6,22.68754994,7.302108216,ZP,-9999,-9999,57.317,27.5,POINT (57.317 18.2)
984,40.0,18.2,57.317,6,3.921152865,5.017180518,ZP,-9999,-9999,57.317,45.0,POINT (57.317 18.2)
985,60.0,18.2,57.317,6,4.044457035,2.860084718,ZP,-9999,-9999,57.317,65.0,POINT (57.317 18.2)
986,80.0,18.2,57.317,6,0.777583605,0.108714696,ZP,-9999,-9999,57.317,87.5,POINT (57.317 18.2)
987,100.0,18.2,57.317,6,0.495834207,0.360956107,ZP,-9999,-9999,57.317,117.5,POINT (57.317 18.2)
988,5.0,18.333,57.4,6,26.90103841,6.3821337,ZP,-9999,-9999,57.4,5.0,POINT (57.4 18.333)
989,15.0,18.333,57.4,6,21.22406869,7.165537598,ZP,-9999,-9999,57.4,15.0,POINT (57.4 18.333)
990,25.0,18.333,57.4,6,13.22606297,3.348760251,ZP,-9999,-9999,57.4,27.5,POINT (57.4 18.333)
991,40.0,18.333,57.4,6,8.864094295,2.450724273,ZP,-9999,-9999,57.4,45.0,POINT (57.4 18.333)
992,60.0,18.333,57.4,6,1.649318493,1.832110268,ZP,-9999,-9999,57.4,65.0,POINT (57.4 18.333)
993,80.0,18.333,57.4,6,0.471436775,0.837111979,ZP,-9999,-9999,57.4,87.5,POINT (57.4 18.333)
994,100.0,18.333,57.4,6,0.44154068,0.024045043,ZP,-9999,-9999,57.4,117.5,POINT (57.4 18.333)
995,5.0,18.367,57.417,6,21.4732533,5.536931834,ZP,-9999,-9999,57.417,5.0,POINT (57.417 18.367)
996,15.0,18.367,57.417,6,19.06421308,4.656567874,ZP,-9999,-9999,57.417,15.0,POINT (57.417 18.367)
997,25.0,18.367,57.417,6,18.69738758,3.953257213,ZP,-9999,-9999,57.417,27.5,POINT (57.417 18.367)
998,40.0,18.367,57.417,6,17.34165388,5.367658157,ZP,-9999,-9999,57.417,45.0,POINT (57.417 18.367)
999,60.0,18.367,57.417,6,1.74676755,1.713810665,ZP,-9999,-9999,57.417,65.0,POINT (57.417 18.367)
1000,80.0,18.367,57.417,6,0.27741454,0.497805855,ZP,-9999,-9999,57.417,87.5,POINT (57.417 18.367)
1001,100.0,18.367,57.417,6,0.44154068,0.024045043,ZP,-9999,-9999,57.417,117.5,POINT (57.417 18.367)
1002,10.0,17.783,57.583,7,6.85287332,1.354433087,ZP,-9999,-9999,57.583,15.0,POINT (57.583 17.783)
1003,25.0,17.783,57.583,7,6.325449558,0.952485025,ZP,-9999,-9999,57.583,27.5,POINT (57.583 17.783)
1004,40.0,17.783,57.583,7,5.362281929,2.411501752,ZP,-9999,-9999,57.583,45.0,POINT (57.583 17.783)
1005,60.0,17.783,57.583,7,6.47645734,1.543062138,ZP,-9999,-9999,57.583,65.0,POINT (57.583 17.783)
1006,80.0,17.783,57.583,7,3.300404142,0.775152644,ZP,-9999,-9999,57.583,87.5,POINT (57.583 17.783)
1007,100.0,17.783,57.583,7,1.711455263,0.355554254,ZP,-9999,-9999,57.583,117.5,POINT (57.583 17.783)
1008,120.0,17.783,57.583,7,0.349250043,0.165201428,ZP,-9999,-9999,57.583,160.0,POINT (57.583 17.783)
1009,10.0,17.5,57.717,7,4.645034465,1.542457732,ZP,-9999,-9999,57.717,15.0,POINT (57.717 17.5)
1010,25.0,17.5,57.717,7,6.081712451,0.505932982,ZP,-9999,-9999,57.717,27.5,POINT (57.717 17.5)
1011,40.0,17.5,57.717,7,7.420522149,4.413008487,ZP,-9999,-9999,57.717,45.0,POINT (57.717 17.5)
1012,70.0,17.5,57.717,7,3.951614538,2.441149503,ZP,-9999,-9999,57.717,87.5,POINT (57.717 17.5)
1013,80.0,17.5,57.717,7,1.788093264,0.127001638,ZP,-9999,-9999,57.717,87.5,POINT (57.717 17.5)
1014,100.0,17.5,57.717,7,0.81336231,0.192734699,ZP,-9999,-9999,57.717,117.5,POINT (57.717 17.5)
1015,120.0,17.5,57.717,7,0.267463064,0.0,ZP,-9999,-9999,57.717,160.0,POINT (57.717 17.5)
1016,10.0,17.35,57.85,7,4.845994669,2.186716342,ZP,-9999,-9999,57.85,15.0,POINT (57.85 17.35)
1017,25.0,17.35,57.85,7,3.453069333,0.613347252,ZP,-9999,-9999,57.85,27.5,POINT (57.85 17.35)
1018,40.0,17.35,57.85,7,2.003486928,0.351540829,ZP,-9999,-9999,57.85,45.0,POINT (57.85 17.35)
1019,70.0,17.35,57.85,7,6.65943905,3.059807519,ZP,-9999,-9999,57.85,87.5,POINT (57.85 17.35)
1020,80.0,17.35,57.85,7,1.596522276,1.155165835,ZP,-9999,-9999,57.85,87.5,POINT (57.85 17.35)
1021,100.0,17.35,57.85,7,1.099990766,0.52366525,ZP,-9999,-9999,57.85,117.5,POINT (57.85 17.35)
1022,5.0,17.583,59.1,7,17.95238905,3.345900176,ZP,-9999,-9999,59.1,5.0,POINT (59.1 17.583)
1023,15.0,17.583,59.1,7,14.98539033,4.11373358,ZP,-9999,-9999,59.1,15.0,POINT (59.1 17.583)
1024,25.0,17.583,59.1,7,10.4516632,4.425973359,ZP,-9999,-9999,59.1,27.5,POINT (59.1 17.583)
1025,40.0,17.583,59.1,7,11.65189905,2.436357636,ZP,-9999,-9999,59.1,45.0,POINT (59.1 17.583)
1026,60.0,17.583,59.1,7,4.999166955,1.550952125,ZP,-9999,-9999,59.1,65.0,POINT (59.1 17.583)
1027,80.0,17.583,59.1,7,1.90462344,0.548891644,ZP,-9999,-9999,59.1,87.5,POINT (59.1 17.583)
1028,100.0,17.583,59.1,7,0.899215152,0.893027873,ZP,-9999,-9999,59.1,117.5,POINT (59.1 17.583)
1029,5.0,16.8,60.5,7,10.56702953,3.308021904,ZP,-9999,-9999,60.5,5.0,POINT (60.5 16.8)
1030,15.0,16.8,60.5,7,12.10053346,4.376987562,ZP,-9999,-9999,60.5,15.0,POINT (60.5 16.8)
1031,25.0,16.8,60.5,7,6.719420255,1.300547913,ZP,-9999,-9999,60.5,27.5,POINT (60.5 16.8)
1032,40.0,16.8,60.5,7,5.429219002,2.292267143,ZP,-9999,-9999,60.5,45.0,POINT (60.5 16.8)
1033,60.0,16.8,60.5,7,5.758642266,2.675675318,ZP,-9999,-9999,60.5,65.0,POINT (60.5 16.8)
1034,80.0,16.8,60.5,7,1.031666119,0.770573943,ZP,-9999,-9999,60.5,87.5,POINT (60.5 16.8)
1035,100.0,16.8,60.5,7,0.445304053,0.055404816,ZP,-9999,-9999,60.5,117.5,POINT (60.5 16.8)
1036,5.0,15.983,62.0,7,27.68833118,6.850811764,ZP,-9999,-9999,62.0,5.0,POINT (62 15.983)
1037,15.0,15.983,62.0,7,17.5461331,7.473227164,ZP,-9999,-9999,62.0,15.0,POINT (62 15.983)
1038,25.0,15.983,62.0,7,12.23114072,5.454646249,ZP,-9999,-9999,62.0,27.5,POINT (62 15.983)
1039,40.0,15.983,62.0,7,4.114216927,1.608330883,ZP,-9999,-9999,62.0,45.0,POINT (62 15.983)
1040,60.0,15.983,62.0,7,2.470748769,1.470637546,ZP,-9999,-9999,62.0,65.0,POINT (62 15.983)
1041,80.0,15.983,62.0,7,2.146592942,0.517302941,ZP,-9999,-9999,62.0,87.5,POINT (62 15.983)
1042,100.0,15.983,62.0,7,0.61839654,0.158194225,ZP,-9999,-9999,62.0,117.5,POINT (62 15.983)
